_id,Ano,Municipio,codigo_curso,nome_curso,centro,CPC_Continuo,nc,nidd,nm,nd,nr,no,nf,na,cpc_f2013,t_ies_br,t_ies_sul,t_ies_rs,t_ifes_br,t_ifes_sul,t_ifes_rs,posicaobrasilcpc,posicaorscpc,posicaopublicabrasilcpc,posicaopublicarscpc,posicaosulcpc,posicaoifescpc,posicaobrasilinfra,posicaorsinfra,posicaopublicabrasilinfra,posicaopublicarsinfra,posicaosulinfra,posicaoifesinfra,posicaobrasilpedag,posicaorspedag,posicaopublicabrasilpedag,posicaopublicarspedag,posicaosulpedag,posicaoifespedag,posicaobrasilregime,posicaorsregime,posicaopublicabrasilregime,posicaopublicarsregime,posicaosulregime,posicaoifesregime,posicaobrasildoutor,posicaorsdoutor,posicaopublicabrasildoutor,posicaopublicarsdoutor,posicaosuldoutor,posicaoifesdoutor,posicaobrasilidd,posicaorsidd,posicaopublicabrasilidd,posicaopublicarsidd,posicaosulidd,posicaoifesidd,posicaobrasilenade,posicaorsenade,posicaopublicabrasilenade,posicaopublicarsenade,posicaosulenade,posicaoifesenade,posicaobrasilmestre,posicaorsmestre,posicaopublicabrasilmestre,posicaopublicarsmestre,posicaosulmestre,posicaoifesmestre,posicaobrasilampliacao,posicaorsampliacao,posicaopublicabrasilampliacao,posicaopublicarsampliacao,posicaosulampliacao,posicaoifesampliacao,distanciabrasilcpc,distanciarscpc,distanciapublicacpc,distanciapublicarscpc,distanciasulcpc,distanciaifescpc,distanciabrasilenade,distanciarsenade,distanciapublicaenade,distanciapublicarsenade,distanciasulenade,distanciaifesenade,media_ies_br,media_ies_sul,media_ies_rs,media_ifes_br,media_ifes_sul,media_ifes_rs,max_ies_br,max_ies_sul,max_ies_rs,max_ifes_br,max_ifes_sul,max_ifes_rs,CPC_Faixa,Concluintes_Inscritos,Concluintes_Participantes,Concluintes_Participantes_nota_Enem,Num_Docentes,Num_Matrículas,id_centro,Enade_Faixa,Obs
,2007,SANTA MARIA,5,MEDICINA VETERINÁRIA,CCR,2.9221,3.2836,1.9954,,3.6567,5,1.9355,2.2581,2.06454,,101,24,9,36,10,3,21,2,17,2,5,5,70,7,11,2,14,2,56,6,5,1,12,1,1,1,1,1,1,1,12,2,12,2,3,3,65,4,25,2,13,8,16,2,15,2,5,5,,,,,,,65,7,5,2,14,2,,,,,,,,,,,,,2.42,2.33,2.26,2.97,2.92,3.19,4.11,4.11,4.11,4.11,4.11,4.11,3,,34,,67,,3,4,
,2007,SANTA MARIA,6,ODONTOLOGIA,CCS,,,3.0055,,2.0833,5,2.2222,3.3333,2.66664,,148,29,8,44,10,2,,,,,,,,,,,,,,,,,,,,,,,,,,,,,,,,,,,,,,,,,,,,,,,,,,,,,,,,,,,,,,,,,,,2.53,2.94,3.03,3.26,3.42,3.66,4.24,4.11,4.02,4.24,4.11,4.02,SC,,21,,60,,4,,
,2007,SANTA MARIA,12,MEDICINA,CCS,3.7173,4.379,4.144,,1.4331,5,1.3269,2.963,1.98134,,101,22,10,49,13,5,7,3,7,3,3,3,66,8,21,3,17,9,70,9,26,4,16,8,1,1,1,1,1,1,54,7,35,5,12,9,6,2,6,2,2,2,1,1,1,1,1,1,,,,,,,71,8,23,3,16,8,,,,,,,,,,,,,2.44,2.67,3.02,2.7,2.69,3.48,4.03,4.01,4.01,4.03,4.01,4.01,4,,33,,90,,4,5,
,2007,FREDERICO WESTPHALEN,17,AGRONOMIA,FW Campus,,,,,5,5,,,,,101,25,8,62,15,3,,,,,,,,,,,,,,,,,,,,,,,,,,,,,,,,,,,,,,,,,,,,,,,,,,,,,,,,,,,,,,,,,,,2.62,2.87,2.84,2.79,3.16,3.28,4,3.97,3.74,4,3.97,3.74,SC,,0,,3,,8,,
,2007,SANTA MARIA,17,AGRONOMIA,CCR,3.5606,4.3126,2.8858,,3.427,5,1.7647,2.2727,1.9679,,101,25,8,62,15,3,12,2,11,2,5,5,54,7,19,2,16,6,63,6,29,2,19,10,1,1,1,1,1,1,29,3,28,3,10,10,19,2,14,1,8,7,5,2,5,2,3,3,,,,,,,65,7,28,2,21,11,,,,,,,,,,,,,2.62,2.87,2.84,2.79,3.16,3.28,4,3.97,3.74,4,3.97,3.74,4,,40,,89,,3,5,
,2007,SANTA MARIA,19,FARMÁCIA,CCS,3.0437,3.6444,2.2754,,3.7594,5,0.8824,1.1765,1.00004,,190,46,17,41,11,2,28,3,20,2,9,7,171,17,25,2,43,9,178,17,32,2,45,10,1,1,1,1,1,1,14,2,14,2,4,4,118,13,28,2,31,8,18,1,16,1,6,6,,,,,,,180,17,32,2,45,10,,,,,,,,,,,,,2.32,2.52,2.5,2.97,3.21,3.1,4.32,4.32,3.17,4.32,4.32,3.16,4,,23,,63,,4,4,
,2007,PALMEIRA DAS MISSOES,23,ENFERMAGEM,PM Campus,,,,,3.0333,5,,,,,332,72,25,74,19,4,,,,,,,,,,,,,,,,,,,,,,,,,,,,,,,,,,,,,,,,,,,,,,,,,,,,,,,,,,,,,,,,,,,2.31,2.48,2.62,3,3.03,3.45,4.75,4.25,3.83,4.75,4.25,3.83,SC,,0,,10,,9,,
,2007,SANTA MARIA,23,ENFERMAGEM,CCS,3.5116,4.4425,2.8557,,2.9874,5,1.4286,1.8421,1.594,,332,72,25,74,19,4,22,2,22,2,7,7,281,24,42,3,65,16,309,25,61,4,70,17,1,1,1,1,1,1,41,4,30,3,8,7,100,11,40,3,31,11,6,1,6,1,3,3,,,,,,,304,25,56,4,71,18,,,,,,,,,,,,,2.31,2.48,2.62,3,3.03,3.45,4.75,4.25,3.83,4.75,4.25,3.83,4,,16,,33,,4,5,
,2007,SANTA MARIA,27,FONOAUDIOLOGIA,CCS,4.0871,4.9272,,,2.4107,5,0,0,0,,56,12,5,56,12,5,4,1,4,1,2,2,54,5,54,5,12,12,52,5,52,5,12,12,1,1,1,1,1,1,10,1,10,1,2,2,,,,,,,1,1,1,1,1,1,,,,,,,55,5,55,5,12,12,,,,,,,,,,,,,2.84,3.24,3.08,2.84,3.24,3.08,4.33,4.17,4.09,4.33,4.17,4.09,4,,9,,21,,4,5,
,2007,SANTA MARIA,3501,EDUCAÇÃO FÍSICA (BACHARELADO),CEFD,3.6621,3.9493,2.9536,,5,5,1.6667,3.9234,2.56938,,340,82,30,340,82,30,11,1,11,1,3,3,115,13,115,13,37,37,290,24,290,24,72,72,1,1,1,1,1,1,1,1,1,1,1,1,89,12,89,12,27,27,13,1,13,1,1,1,,,,,,,234,24,234,24,67,67,,,,,,,,,,,,,2.4,2.59,2.72,2.4,2.59,2.72,4.46,4.09,3.66,4.46,4.09,3.66,4,,35,,47,,7,5,
,2007,SANTA MARIA,36,FISIOTERAPIA,CCS,,,,,3.4211,5,,,,,,,,,,,,,,,,,,,,,,,,,,,,,,,,,,,,,,,,,,,,,,,,,,,,,,,,,,,,,,,,,,,,,,,,,,,,,,,,,,,,,,,,,SC,,0,,38,,4,,
,2007,PALMEIRA DAS MISSOES,51,ZOOTECNIA,PM Campus,,,,,2.8571,5,,,,,48,8,1,48,8,1,,,,,,,,,,,,,,,,,,,,,,,,,,,,,,,,,,,,,,,,,,,,,,,,,,,,,,,,,,,,,,,,,,,2.64,3.04,2.68,2.64,3.04,2.68,4.42,4.2,2.68,4.42,4.2,2.68,SC,,0,,7,,9,,
,2007,SANTA MARIA,51,ZOOTECNIA,CCR,2.6767,3.3311,1.8782,,2.3333,5,0.8333,2.7419,1.59674,,48,8,1,48,8,1,23,1,23,1,6,6,23,1,23,1,4,4,43,1,43,1,7,7,1,1,1,1,1,1,25,1,25,1,5,5,18,1,18,1,4,4,15,1,15,1,4,4,,,,,,,36,1,36,1,6,6,,,,,,,,,,,,,2.64,3.04,2.68,2.64,3.04,2.68,4.42,4.2,2.68,4.42,4.2,2.68,3,,39,,45,,3,4,
,2008,SANTA MARIA,702,MATEMÁTICA (LICENCIATURA),CCNE,2.97,3.19,2.42,4.13,2.91,5,1.74,2.47,2.032,2.91105,315,61,32,155,22,4,51,5,39,3,15,12,238,30,85,4,57,20,229,28,87,3,53,17,1,1,1,1,1,1,39,4,32,2,8,6,126,14,75,3,29,13,44,5,35,3,12,9,84,17,44,2,30,11,230,28,80,3,55,19,,,,,,,,,,,,,2.22,2.48,2.4,2.37,2.79,3.23,4.72,4.27,4.27,4.72,4.27,4.27,4,,32,,63,,2,4,
,2008,SANTA MARIA,902,LETRAS (LICENCIATURA),CAL,3.1,3.29,2.64,4.33,3.54,5,1.38,1.31,1.352,3.01555,484,73,36,168,21,4,57,11,33,4,13,6,432,34,125,4,71,21,440,34,146,4,70,20,1,1,1,1,1,1,38,6,28,2,9,5,185,18,88,4,28,13,82,9,46,3,12,6,97,18,34,1,29,7,452,34,148,4,70,20,,,,,,,,,,,,,2.32,2.52,2.77,2.51,2.75,3.35,4.71,3.84,3.84,4.71,3.84,3.84,4,,23,,30,,1,4,
,2008,SANTA MARIA,14,FÍSICA (LICENCIATURA e BACHARELADO),CCNE,3.16,3.51,3.35,3.57,3.27,5,1.9,2,1.94,3.29875,97,17,10,77,11,4,23,3,22,2,7,6,78,10,58,4,17,11,61,8,46,2,15,9,1,1,1,1,1,1,29,3,27,2,8,7,15,2,13,2,4,4,16,2,15,2,4,4,61,8,46,2,15,9,79,10,59,4,17,11,,,,,,,,,,,,,2.72,3.05,2.99,2.76,3.07,2.98,4.23,3.9,3.9,4.23,3.9,3.9,4,,36,,84,,2,4,
,2008,SANTA MARIA,1502,QUÍMICA (LICENCIATURA),CCNE,3.52,3.76,3.84,4.42,3.49,5,1.34,2.3,1.724,3.5846,155,29,17,88,14,4,19,2,19,2,3,3,109,16,43,3,25,10,135,16,68,3,26,11,1,1,1,1,1,1,26,2,26,2,7,7,19,1,16,1,4,3,13,1,13,1,1,1,57,10,36,2,18,9,125,16,59,3,27,12,,,,,,,,,,,,,2.58,2.83,2.72,2.79,2.98,2.92,4.32,3.75,3.61,4.32,3.75,3.61,4,,37,,146,,2,4,
,2008,SANTA MARIA,1602,CIÊNCIAS BIOLÓGICAS (LICENCIATURA),CCNE,2.98,3.09,1.57,4.68,3.87,5,1.2,1.57,1.348,2.6762,378,72,29,138,17,4,78,11,44,4,23,11,303,27,72,4,68,16,351,29,117,4,69,16,1,1,1,1,1,1,30,3,28,2,6,5,310,27,112,4,64,16,65,6,45,3,17,10,69,10,33,2,22,7,344,29,106,4,71,17,,,,,,,,,,,,,2.4,2.64,2.65,2.56,3.09,3.31,4.44,3.83,3.64,4.44,3.83,3.54,4,,31,,53,,2,4,
,2008,SANTA MARIA,2001,PEDAGOGIA (LICENCIATURA),CE,3.37,3.87,3.56,3.67,2.53,5,1.99,3.29,2.51,3.42625,763,130,39,190,29,4,46,6,35,3,12,7,417,37,29,2,101,12,645,37,134,3,119,23,1,1,1,1,1,1,76,9,48,3,17,9,105,11,38,2,29,9,40,3,25,2,8,7,279,29,90,3,69,19,576,37,88,2,115,20,,,,,,,,,,,,,2.31,2.56,2.89,2.5,2.89,3.5,4.6,4,3.89,4.6,4,3.89,4,,130,,49,,6,4,
,2008,SANTA MARIA,21,ARQUITETURA E URBANISMO,CT,3.32,4.69,3.87,3.21,3.08,5,1.82,0.98,1.484,3.59285,154,41,19,37,11,3,15,2,13,2,6,6,144,18,29,2,38,8,127,18,25,3,38,9,1,1,1,1,1,1,24,2,18,2,6,5,14,4,5,2,5,2,3,2,3,2,3,3,70,11,24,2,22,8,143,19,28,3,39,9,,,,,,,,,,,,,2.45,2.72,2.81,2.87,3.06,3.32,4.36,4.34,4.34,4.36,4.34,4.34,4,,26,,42,,10,5,
,2008,SANTA MARIA,2402,HISTÓRIA (LICENCIATURA),CCSH,1.96,2.65,0.21,3.61,2.78,5,1.63,2.41,1.942,1.95755,255,50,25,117,19,4,193,24,79,3,43,15,167,23,41,2,43,12,226,24,96,3,47,17,1,1,1,1,1,1,52,9,36,3,15,9,234,23,100,2,44,13,150,20,58,2,35,10,150,23,64,3,43,15,212,24,80,3,48,17,,,,,,,,,,,,,2.49,2.76,2.96,2.38,2.54,2.37,4.49,3.93,3.93,4.49,3.68,3.49,3,,16,,18,,5,3,
,2008,SANTA MARIA,3002,GEOGRAFIA (LICENCIATURA),CCNE,3.63,3.8,3.82,4.49,3.62,5,2.56,1.67,2.204,3.68235,188,38,13,104,18,4,7,1,4,1,3,2,139,11,60,3,35,16,98,10,38,2,27,10,1,1,1,1,1,1,21,2,18,2,6,5,25,4,17,3,8,7,14,3,8,2,4,3,38,7,20,2,14,7,127,11,51,3,35,16,,,,,,,,,,,,,2.45,2.78,3.02,2.48,2.96,3.4,4.11,4.11,3.63,4.11,4.11,3.63,4,,23,,39,,2,4,
,2008,SANTA MARIA,3202,FILOSOFIA (LICENCIATURA),CCSH,3.65,4,3.4,4.21,3.89,5,3.38,3.46,3.412,3.77605,106,26,16,39,9,3,5,2,1,1,2,1,54,12,1,1,16,1,47,14,4,2,18,3,1,1,1,1,1,1,14,2,9,1,5,4,17,3,3,1,6,2,4,1,1,1,1,1,51,15,17,3,20,7,47,12,3,1,16,2,,,,,,,,,,,,,2.51,2.92,2.94,2.42,2.96,3.05,3.94,3.75,3.75,3.65,3.65,3.65,4,,23,,18,,5,5,
,2008,SANTA MARIA,4004,CIÊNCIA DA COMPUTAÇÃO (BACHARELADO),CT,3.73,4.1,3.64,4.48,3.24,5,1.25,3.19,2.026,3.5949,580,120,46,111,26,4,21,4,19,3,5,4,396,39,48,4,103,20,518,43,89,4,114,26,1,1,1,1,1,1,51,10,31,3,16,5,55,8,34,3,15,9,29,5,21,3,7,5,89,19,35,2,28,9,487,43,69,4,112,24,,,,,,,,,,,,,2.36,2.54,2.78,2.84,2.92,3.92,4.71,4.71,4.71,4.71,4.71,4.71,4,,13,,29,,10,5,
,2008,SANTA MARIA,5401,CIÊNCIAS SOCIAIS (BACHARELADO),CCSH,1.76,1.8,0.51,3.33,2.75,5,2.13,2.32,2.206,1.90665,58,13,7,43,8,3,51,6,37,2,11,6,28,5,14,1,9,4,32,6,19,2,11,6,1,1,1,1,1,1,35,4,28,2,9,7,43,6,29,2,10,5,45,6,31,2,10,5,43,5,30,2,11,7,32,5,17,1,10,5,,,,,,,,,,,,,2.75,2.93,2.87,2.63,2.55,2,4.26,3.96,3.87,4.26,3.96,2.78,2,,40,,20,,5,2,
,2008,SANTA MARIA,5710,ENGENHARIA CIVIL,CT,3.18,3.18,3.43,3.76,2.59,5,3.13,2.49,2.874,3.3131,159,32,11,68,17,4,30,4,27,2,9,7,123,10,41,3,27,13,76,6,23,1,18,7,1,1,1,1,1,1,34,3,31,2,9,8,29,6,21,3,11,8,34,3,29,2,10,9,64,6,37,2,17,9,98,9,27,2,23,9,,,,,,,,,,,,,2.46,2.85,3.03,2.88,2.97,3.15,4.58,4.07,3.89,4.56,4.07,3.89,4,,59,,75,,10,4,
,2008,SANTA MARIA,5806,ENGENHARIA ELÉTRICA,CT,2.49,2.25,1.87,3.76,2.47,5,1.64,1.62,1.632,2.3768,268,44,17,80,15,4,96,12,56,3,26,11,230,15,55,2,41,12,208,16,49,3,40,11,1,1,1,1,1,1,72,5,54,3,10,8,177,17,63,4,37,12,96,13,59,4,26,12,110,13,53,3,27,11,224,17,52,4,41,12,,,,,,,,,,,,,2.33,2.69,2.79,3.06,2.96,2.92,4.65,4.25,4.14,4.65,4.25,4.14,3,,31,,75,,10,3,
,2008,SANTA MARIA,5902,ENGENHARIA MECÂNICA,CT,2.01,2.31,1.36,3.47,2.33,5,0.38,0.46,0.412,1.98455,88,23,12,41,9,3,64,12,33,3,22,9,86,12,39,3,23,9,86,11,39,2,22,8,1,1,1,1,1,1,33,5,25,2,10,5,73,12,34,3,23,9,49,9,31,3,18,9,47,10,26,2,18,7,87,12,40,3,23,9,,,,,,,,,,,,,2.49,2.78,2.68,2.78,3.07,2.69,4.52,4.38,3.14,4.52,4.38,3.11,3,,33,,75,,10,3,
,2008,SANTA MARIA,6008,ENGENHARIA QUÍMICA,CT,2.58,3.62,2.45,3.29,2.33,5,1.17,1.45,1.282,2.74505,92,30,13,50,17,5,46,10,30,3,22,13,82,13,40,5,29,16,82,13,40,5,28,15,1,1,1,1,1,1,52,7,40,3,17,12,36,10,19,3,20,11,17,3,14,3,6,6,63,10,36,3,25,13,82,13,40,5,28,15,,,,,,,,,,,,,2.57,2.84,2.77,2.79,2.96,2.76,4.32,3.91,3.91,4.32,3.91,3.91,3,,22,,75,,10,4,
,2008,FREDERICO WESTPHALEN,6405,ENGENHARIA FLORESTAL,FW Campus,,,,4.62,4.03,5,2.54,3.33,2.856,,50,16,6,37,8,2,,,,,,,,,,,,,,,,,,,,,,,,,,,,,,,,,,,,,,,,,,,,,,,,,,,,,,,,,,,,,,,,,,,2.81,2.79,2.72,3.06,3.42,3.14,4.61,3.97,3.32,4.61,3.97,3.32,SC,,0,,24,,8,,Curso Sem Conceito
,2008,SANTA MARIA,6405,ENGENHARIA FLORESTAL,CCR,3.32,3.66,4,3.56,3.1,5,0.29,1.33,0.706,3.3449,50,16,6,37,8,2,16,1,16,1,5,5,39,5,26,1,15,7,44,6,31,2,14,6,1,1,1,1,1,1,21,2,21,2,6,6,10,1,10,1,3,3,15,1,15,1,3,3,25,2,21,1,9,6,48,6,35,2,16,8,,,,,,,,,,,,,2.81,2.79,2.72,3.06,3.42,3.14,4.61,3.97,3.32,4.61,3.97,3.32,4,,53,,77,,3,4,
,2009,PALMEIRA DAS MISSOES,1,ADMINISTRAÇÃO,PM Campus,,,,4.7436,2.9035,5,3.1806,3.3535,3.24976,,1344,296,93,147,36,5,,,,,,,,,,,,,,,,,,,,,,,,,,,,,,,,,,,,,,,,,,,,,,,,,,,,,,,,,,,,,,,,,,,2.17,2.34,2.56,2.75,2.89,3.81,4.74,4.45,4.45,4.62,4.45,4.45,SC,,0,,39,,9,,Curso sem Conceito
,2009,SANTA MARIA,1,ADMINISTRAÇÃO,CCSH,4.22,4.43,3.9582,4.5714,5,5,1.9133,2.4405,2.12418,4.057852,1344,296,93,147,36,5,14,2,11,2,6,5,1114,87,75,4,267,25,1095,86,76,4,258,20,1,1,1,1,1,1,1,1,1,1,1,1,73,9,16,3,22,5,41,4,30,4,10,9,60,9,18,2,16,4,1139,88,72,4,270,23,,,,,,,,,,,,,2.17,2.34,2.56,2.75,2.89,3.81,4.74,4.45,4.45,4.62,4.45,4.45,5,,75,,70,,5,5,
,2009,SANTA MARIA,2,DIREITO,CCSH,3.74,4.89,3.9748,3.6567,3.0325,5,0.8379,0.2068,0.58546,3.5611265,742,164,58,93,16,4,12,2,6,2,2,2,717,58,75,4,163,16,709,56,68,2,160,13,1,1,1,1,1,1,81,5,29,3,13,6,37,4,7,2,12,4,2,1,2,1,1,1,164,30,26,1,51,6,725,58,83,4,163,16,,,,,,,,,,,,,2.27,2.41,2.5,2.72,3.06,3.68,4.05,4.05,4.05,4.05,4.05,4.05,4,,87,,67,,5,5,
,2009,FREDERICO WESTPHALEN,803,JORNALISMO,FW Campus,3.22,4.08,3.0258,5,2.044,5,2.6119,1.3043,2.08886,3.244959,231,47,17,46,10,3,18,8,10,3,11,6,187,14,14,2,39,5,104,11,8,1,26,3,1,1,1,1,1,1,53,7,32,3,11,7,48,10,10,2,17,3,14,5,9,3,8,6,1,1,1,1,1,1,166,13,12,1,37,4,,,,,,,,,,,,,2.37,2.73,3.14,2.68,3.02,3.58,4.17,3.91,3.91,4.17,3.91,3.91,4,,58,,13,,8,5,
,2009,SANTA MARIA,803,JORNALISMO,CCSH,3.91,4.96,4.4167,3.75,3.3214,5,1.0256,1.1538,1.07688,3.853837,231,47,17,46,10,3,3,1,3,1,1,1,194,15,20,3,41,7,214,15,38,3,43,9,1,1,1,1,1,1,22,3,19,2,5,4,8,1,2,1,1,1,1,1,1,1,1,1,64,15,23,3,24,8,213,15,35,3,43,9,,,,,,,,,,,,,2.37,2.73,3.14,2.68,3.02,3.58,4.17,3.91,3.91,4.17,3.91,3.91,4,,21,,18,,5,5,
,2009,SANTA MARIA,804,PUBLICIDADE E PROPAGANDA,CCSH,3.35,4.6,2.336,3.5714,3.4632,5,1.0606,0.625,0.88636,3.032889,282,48,17,24,7,2,16,8,6,2,8,2,269,15,21,1,46,6,265,15,20,1,45,5,1,1,1,1,1,1,16,2,10,2,3,3,145,13,11,1,32,4,4,2,3,2,2,2,71,13,15,2,18,3,269,15,20,1,45,5,,,,,,,,,,,,,2.36,2.72,3.28,2.82,2.84,3.88,4.61,4.41,4.41,4.61,4.41,4.41,4,,20,,21,,5,5,
,2009,SANTA MARIA,806,RELAÇÕES PÚBLICAS,CCSH,3.57,4.56,2.5719,3.9286,4.2105,5,1,2,1.4,3.323385,58,19,12,13,4,2,4,3,3,2,3,2,44,11,4,1,16,2,53,11,12,1,17,3,1,1,1,1,1,1,6,2,6,2,2,2,14,5,3,1,5,1,2,1,2,1,1,1,22,10,10,2,12,3,49,11,8,1,16,2,,,,,,,,,,,,,2.5,2.8,3.18,2.74,2.93,3.68,4.57,3.79,3.79,4.57,3.79,3.79,4,,30,,21,,5,5,
,2009,SANTA MARIA,13,CIÊNCIAS ECONÔMICAS,CCSH,2.71,2.93,2.4591,3.7841,2.2059,5,1.6447,2.225,1.87682,2.7179005,156,40,17,70,18,4,50,5,29,3,12,9,107,14,32,3,31,12,125,15,49,4,34,15,1,1,1,1,1,1,43,6,29,3,11,8,66,5,37,3,15,11,45,6,25,3,12,8,64,10,29,1,19,9,119,15,43,4,34,15,,,,,,,,,,,,,2.41,2.42,2.52,2.54,2.63,2.95,4.43,3.75,3.75,4.34,3.75,3.75,3,,60,,60,,5,3,
,2009,SANTA MARIA,18,PSICOLOGIA,CCSH,3.59,4.43,3.1174,3.7578,3.7267,5,0.8297,1.5919,1.13458,3.363117,266,66,26,47,9,2,16,3,12,2,6,4,245,26,30,2,65,8,252,26,35,2,65,8,1,1,1,1,1,1,19,2,18,2,4,4,76,13,17,1,29,4,7,1,6,1,1,1,130,19,35,2,39,7,251,26,34,2,65,8,,,,,,,,,,,,,2.49,2.65,2.83,2.83,3.08,3.68,4.13,3.78,3.78,4.13,3.78,3.78,4,,26,,23,,5,5,
,2009,SANTA MARIA,22,CIÊNCIAS CONTÁBEIS,CCSH,3.39,4.66,3.6668,3.6905,1.1111,5,2.621,1.7097,2.25648,3.3723045,666,155,51,103,29,3,27,3,18,2,9,7,600,51,65,3,147,23,341,44,26,2,108,12,1,1,1,1,1,1,202,25,45,2,55,14,61,7,16,3,23,11,7,1,4,1,2,2,87,16,22,1,31,6,520,51,46,3,139,19,,,,,,,,,,,,,2.18,2.42,2.59,2.58,2.83,3.58,4.57,4.13,4.12,4.57,4.13,4.12,4,,59,,42,,5,5,
,2009,SANTA MARIA,26,DESIGN,CAL,3.18,3.92,2.5334,4.2683,2.955,5,1.3889,2.9566,2.01598,3.1114595,112,36,13,23,8,2,12,3,9,2,6,4,68,11,4,1,28,4,101,13,17,2,34,7,1,1,1,1,1,1,13,3,10,2,4,3,39,8,11,2,19,5,11,3,8,2,8,6,9,3,5,1,5,2,91,13,11,2,32,5,,,,,,,,,,,,,2.2,2.53,2.74,2.94,3.16,3.38,4.11,3.74,3.59,4.11,3.74,3.59,4,,25,,41,,1,4,
,2009,SANTA MARIA,39,TEATRO,CAL,3.27,5,4.6179,2.7041,0,5,2.1345,2.0833,2.11402,3.5111755,32,6,2,21,6,2,7,1,7,1,3,3,16,1,5,1,4,4,18,2,10,2,4,4,1,1,1,1,1,1,30,2,20,2,6,6,3,1,2,1,1,1,1,1,1,1,1,1,22,2,17,2,6,6,16,1,8,1,4,4,,,,,,,,,,,,,2.56,3,3.1,2.71,3,3.1,4.17,4.13,3.27,4.17,4.13,3.27,4,,11,,28,,1,5,
,2009,SANTA MARIA,4301,MÚSICA (LICENCIATURA),CAL,3.75,3.72,4.6422,3.6047,3.4109,5,1.2551,3.1818,2.02578,3.8296245,57,14,5,39,10,3,5,2,5,2,2,2,11,2,5,2,2,2,42,5,27,3,10,7,1,1,1,1,1,1,9,2,8,2,4,4,3,2,3,2,2,2,5,2,4,2,2,2,29,5,21,3,12,9,27,4,16,2,6,4,,,,,,,,,,,,,2.37,2.26,2.68,2.55,2.56,3.29,4.15,4.15,4.15,4.15,4.15,4.15,4,,11,,43,,1,4,
,2009,SANTA MARIA,65,ARQUIVOLOGIA,CCSH,4.05,4.44,,2.9825,2.4089,5,5,5,5,,8,3,2,8,3,2,1,1,1,1,1,1,1,1,1,1,1,1,1,1,1,1,1,1,1,1,1,1,1,1,6,2,6,2,3,3,,,,,,,2,2,2,2,2,2,5,2,5,2,2,2,1,1,1,1,1,1,,,,,,,,,,,,,3.32,3.79,4,3.32,3.79,4,4.05,4.05,4.05,4.05,4.05,4.05,5,,5,,19,,5,5,
,2010,SANTA MARIA,5,MEDICINA VETERINÁRIA,CCR,3.7855,3.7641,4.1736,4.4211,3.9474,5,0.7061,3.2807,1.73594,3.7726635,127,27,8,43,12,3,11,2,11,2,5,5,85,6,10,2,18,4,118,7,34,2,24,9,1,1,1,1,1,1,19,1,18,1,5,5,13,2,10,2,6,5,13,2,12,2,5,5,42,2,21,2,6,5,101,7,18,2,20,5,,,,,,,,,,,,,2.74,2.81,2.87,3.39,3.39,3.79,4.49,4.17,4.17,4.49,4.17,4.17,4,47,46,,95,,3,4,
,2010,SANTA MARIA,6,ODONTOLOGIA,CCS,3.484,4.0216,3.9167,3.7927,2.8916,5,0.9061,0.8675,0.89066,3.4019565,167,31,10,51,11,3,22,4,16,3,7,6,156,10,41,3,29,9,157,10,42,3,30,10,1,1,1,1,1,1,40,4,29,3,9,7,13,1,8,1,4,4,9,2,5,2,3,3,85,6,34,3,20,9,160,10,44,3,30,10,,,,,,,,,,,,,2.65,2.87,3.1,3.13,3.37,3.61,4.19,3.88,3.82,4.01,3.88,3.82,4,56,55,,83,,4,5,
,2010,SANTA MARIA,12,MEDICINA,CCS,3.0332,4.1081,3.8761,3.2918,2.0184,5,0.8147,2.2288,1.38034,3.309951,141,26,10,67,14,5,34,4,28,3,10,7,112,10,38,5,24,12,123,10,49,5,24,12,1,1,1,1,1,1,51,5,37,4,9,8,11,1,9,1,3,2,22,3,18,2,7,5,56,7,35,4,13,8,120,10,46,5,24,12,,,,,,,,,,,,,2.51,2.68,2.96,2.8,2.77,3.14,3.64,3.64,3.55,3.64,3.64,3.55,4,52,52,,114,,4,5,
,2010,FREDERICO WESTPHALEN,17,AGRONOMIA,FW Campus,4.3707,4.8005,4.8022,4.8299,4.1667,5,2.6984,3.4921,3.01588,4.4554995,143,37,12,83,20,5,2,1,2,1,1,1,64,8,15,2,22,6,62,7,16,2,21,6,1,1,1,1,1,1,22,3,22,3,10,10,3,1,3,1,1,1,2,1,2,1,1,1,25,1,23,1,6,6,62,8,14,3,21,6,,,,,,,,,,,,,2.79,3.06,3.2,3.07,3.47,3.92,4.55,4.37,4.37,4.55,4.37,4.37,5,19,19,,42,,8,5,
,2010,SANTA MARIA,17,AGRONOMIA,CCR,3.4634,3.834,2.8696,4.5055,3.8077,5,1.0256,2.875,1.76536,3.3200315,143,37,12,83,20,5,35,6,33,5,14,13,89,10,32,4,31,15,134,12,76,5,36,19,1,1,1,1,1,1,32,5,31,5,13,13,64,10,42,5,23,14,24,5,24,5,11,11,55,7,43,5,18,14,117,11,58,4,35,18,,,,,,,,,,,,,2.79,3.06,3.2,3.07,3.47,3.92,4.55,4.37,4.37,4.55,4.37,4.37,4,123,115,,130,,3,4,
,2010,SANTA MARIA,19,FARMÁCIA,CCS,3.6059,4.1942,3.7995,4.2733,3.7791,5,0.3627,0.899,0.57722,3.5176105,255,57,19,49,15,3,18,3,16,3,8,8,238,19,33,3,57,15,248,19,42,3,54,12,1,1,1,1,1,1,19,3,16,3,6,6,21,5,8,2,12,6,14,1,13,1,5,5,81,12,24,3,30,10,249,19,43,3,57,15,,,,,,,,,,,,,2.56,2.78,3,3.08,3.25,3.76,4.1,4.03,4.01,4.1,4.03,4.01,4,54,54,,86,,4,5,
,2010,PALMEIRA DAS MISSÕES,23,ENFERMAGEM,PM Campus,3.6562,3.7939,4.0675,4.8529,2.788,5,2.5908,3.2974,2.87344,3.7705885,496,90,33,104,21,6,21,1,15,1,3,3,364,25,25,1,73,9,352,27,40,3,68,9,1,1,1,1,1,1,71,9,45,6,17,12,38,2,16,1,4,1,40,2,33,2,4,4,18,3,10,1,7,3,354,26,28,2,72,10,,,,,,,,,,,,,2.47,2.47,2.59,2.93,3.09,3.48,4.67,3.85,3.66,4.67,3.85,3.66,4,26,26,,34,,9,4,
,2010,SANTA MARIA,23,ENFERMAGEM,CCS,3.6534,3.6557,3.4262,3.6607,4.1109,5,2.2385,2.9855,2.5373,3.5770925,496,90,33,104,21,6,23,2,16,2,4,4,392,29,35,4,79,14,398,30,54,4,78,14,1,1,1,1,1,1,28,3,21,2,7,5,105,4,42,3,15,8,49,3,41,3,5,5,168,21,54,6,46,15,396,30,40,4,79,13,,,,,,,,,,,,,2.47,2.47,2.59,2.93,3.09,3.48,4.67,3.85,3.66,4.67,3.85,3.66,4,19,19,,56,,4,4,
,2010,SANTA MARIA,27,FONOAUDIOLOGIA,CCS,3.5922,3.8338,,4.3125,3.5,5,2.381,2.4691,2.41624,,49,10,6,13,3,2,5,2,4,2,3,2,43,6,8,2,10,3,40,6,7,2,10,3,1,1,1,1,1,1,9,2,7,2,2,2,,,,,,,7,2,7,2,3,3,14,4,7,2,7,3,41,6,6,2,10,3,,,,,,,,,,,,,2.57,3.09,2.96,3.34,3.66,3.82,4.04,4.04,4.04,4.04,4.04,4.04,4,10,10,,30,,4,4,
,2010,PALMEIRA DAS MISSÕES,28,NUTRIÇÃO,PM Campus,,,,5,3.9706,5,1.7222,1.2302,1.5254,,222,49,18,43,10,3,,,,,,,,,,,,,,,,,,,,,,,,,,,,,,,,,,,,,,,,,,,,,,,,,,,,,,,,,,,,,,,,,,,2.47,2.44,2.7,3.04,2.81,3.64,4.45,4.29,4.29,4.45,4.29,4.29,SC,0,0,,12,,9,,Curso sem Conceito
,2010,SANTA MARIA,3501,EDUCAÇÃO FÍSICA (BACHARELADO),CEFD,3.873,3.9352,4.1655,4.5614,4.6252,5,1.1364,2.4,1.64184,3.902126,195,54,19,33,16,3,4,1,3,1,1,1,171,17,20,2,48,12,188,19,31,3,53,16,1,1,1,1,1,1,6,1,6,1,2,2,10,2,4,1,3,2,15,2,8,1,3,2,23,3,10,1,10,6,184,18,26,3,50,14,,,,,,,,,,,,,2.44,2.58,2.8,2.9,2.93,3.43,4.41,3.87,3.87,4.41,3.87,3.87,4,31,30,,38,,7,4,
,2010,SANTA MARIA,36,FISIOTERAPIA,CCS,3.417,3.7456,3.6821,3.8571,3.9097,5,0.5725,0.0461,0.36194,3.3428835,351,59,22,41,10,1,24,3,12,1,6,3,345,22,35,1,58,9,343,22,36,1,57,9,1,1,1,1,1,1,16,2,11,1,3,2,30,5,12,1,9,2,24,1,19,1,4,4,95,13,24,1,28,6,349,22,39,1,58,9,,,,,,,,,,,,,2.39,2.52,2.66,2.93,2.76,3.42,4.43,3.69,3.67,4.43,3.63,3.42,4,38,36,,56,,4,4,
,2010,PALMEIRA DAS MISSÕES,51,ZOOTECNIA,PM Campus,3.7531,3.8802,3.8723,5,4.1667,5,1.6531,1.8462,1.73034,3.765901,66,12,3,55,11,3,8,1,8,1,3,3,48,3,37,3,11,10,47,2,36,2,8,7,1,1,1,1,1,1,12,2,12,2,5,5,4,1,4,1,1,1,9,1,9,1,3,3,1,1,1,1,1,1,47,3,36,3,9,8,,,,,,,,,,,,,2.82,3.27,3.58,2.95,3.42,3.58,4.06,4.06,3.75,4.06,4.06,3.75,4,24,24,,24,,9,4,
,2010,SANTA MARIA,51,ZOOTECNIA,CCR,3.4292,3.4795,3.1902,4.6386,3.6145,5,1.2099,3.8571,2.26878,3.417857,66,12,3,55,11,3,16,3,16,3,7,7,21,2,12,2,5,5,50,3,39,3,9,8,1,1,1,1,1,1,23,3,22,3,8,8,18,2,18,2,8,8,14,2,14,2,6,6,29,3,25,3,8,8,35,2,24,2,7,6,,,,,,,,,,,,,2.82,3.27,3.58,2.95,3.42,3.58,4.06,4.06,3.75,4.06,4.06,3.75,4,26,26,,83,,3,4,
,2010,SANTA MARIA,52,TERAPIA OCUPACIONAL,CCS,,,,4.1667,2.8333,5,2.9167,2.5938,2.78754,,,,,,,,,,,,,,,,,,,,,,,,,,,,,,,,,,,,,,,,,,,,,,,,,,,,,,,,,,,,,,,,,,,,,,,,,,,,,,,,,,,,,,SC,0,0,,30,,4,,Curso sem Conceito
,2010,SILVEIRA MARTINS,90,TECNOLOGIA EM AGRONEGÓCIOS,UDESSM,,,,5,5,5,2.5,0,1.5,,,,,,,,,,,,,,,,,,,,,,,,,,,,,,,,,,,,,,,,,,,,,,,,,,,,,,,,,,,,,,,,,,,,,,,,,,,,,,,,,,,,,,SC,0,0,,12,,12,,Curso sem Conceito
,2010,SILVEIRA MARTINS,92,TECNOLOGIA EM GESTÃO AMBIENTAL,UDESSM,,,,5,5,5,1,2.7143,1.68572,,125,19,6,19,5,2,,,,,,,,,,,,,,,,,,,,,,,,,,,,,,,,,,,,,,,,,,,,,,,,,,,,,,,,,,,,,,,,,,,2.17,2.44,3.2,2.74,2.67,3.43,3.71,3.7,3.7,3.7,3.7,3.7,SC,0,0,,8,,12,,Curso sem Conceito
,2011,SANTA MARIA,21,ARQUITETURA E URBANISMO,CT,2.7317,2.5929,2.1575,3.3846,3.951,5,2.5,1.2196,1.98784,2.793376,179,42,20,41,9,3,81,14,26,3,28,9,167,20,32,3,42,9,111,18,12,2,35,4,1,1,1,1,1,1,63,10,22,3,15,7,121,15,31,2,32,8,71,11,31,3,24,8,21,3,17,3,5,5,151,20,24,3,40,7,,,,,,,,,,,,,2.62,2.77,2.78,2.84,3.07,3.09,4.42,3.72,3.72,3.72,3.72,3.72,3,37,37,,39,,10,3,
,2011,SANTA MARIA,2501,ARTES VISUAIS (LICENCIATURA),CAL,2.921,2.7261,3.0924,2.2414,4.5567,5,1.0526,2.1531,1.4928,3.07809,67,23,8,34,12,4,35,8,23,4,16,10,55,8,23,4,23,12,60,8,28,4,21,10,1,1,1,1,1,1,14,2,6,2,6,3,27,4,18,2,9,7,39,8,25,4,17,10,22,3,17,3,8,7,61,8,28,4,22,11,,,,,,,,,,,,,2.84,3.02,3.23,3.02,3.23,3.3,4.43,4.43,4.01,4.43,4.43,4.01,3,20,20,,29,,1,3,
,2011,SANTA MARIA,1601,CIÊNCIAS BIOLÓGICAS (BACHARELADO),CCNE,,3.2888,2.1178,0,0,0,0.5882,2.1961,1.23136,1.583694,164,32,15,70,10,6,,,,,,,,,,,,,,,,,,,,,,,,,,,,,,,,,,,,,,,,,,,,,,,,,,,,,,,,,,,,,,,,,,,2.78,3.01,3.34,2.85,3.34,3.52,4.39,4.12,4.12,4.3,3.93,3.93,,34,34,,0,,2,4,Unidade com cursos não reconhecidos até 30/09/2012
,2011,SANTA MARIA,1602,CIÊNCIAS BIOLÓGICAS (LICENCIATURA),CCNE,3.4595,3.6559,3.1094,4.4565,4.7418,5,0.3333,2.8788,1.3515,3.4427025,363,62,27,174,17,5,57,7,33,3,14,7,277,26,92,4,59,14,359,27,170,5,62,17,1,1,1,1,1,1,78,10,38,3,22,9,110,13,54,3,24,8,31,4,22,2,5,3,19,2,17,2,3,3,345,27,157,5,62,17,,,,,,,,,,,,,2.82,3.01,3.14,2.79,3.26,3.48,4.3,4.01,4.01,4.3,3.77,3.77,4,12,9,,46,,2,4,
,2011,SANTA MARIA,5401,CIÊNCIAS SOCIAIS (BACHARELADO),CCSH,2.9021,2.9116,2.0766,3.8274,3.8688,5,1.9841,2.7311,2.2829,2.89394,45,5,4,36,4,3,25,4,19,3,5,4,19,2,10,1,3,2,27,3,18,2,4,3,1,1,1,1,1,1,28,2,21,1,3,2,31,4,24,3,5,4,27,4,20,3,5,4,19,2,16,2,2,2,26,3,17,2,4,3,,,,,,,,,,,,,2.92,3.35,3.37,2.85,3.14,3.1,4.51,4.2,4.2,4.26,3.28,3.28,3,34,29,,26,,5,3,
,2011,SANTA MARIA,4004,CIÊNCIA DA COMPUTAÇÃO (BACHARELADO),CT,3.5498,3.9451,3.6765,3.3784,4.4026,5,2.1053,1.3889,1.81874,3.637376,300,59,27,87,16,4,24,5,18,4,7,6,282,27,74,4,59,16,216,25,49,4,48,13,1,1,1,1,1,1,104,18,48,4,30,13,26,5,13,4,8,5,10,3,9,3,3,3,36,3,32,3,8,7,269,27,66,4,58,15,,,,,,,,,,,,,2.58,2.73,2.87,2.91,3.23,4.03,4.38,4.36,4.36,4.36,4.36,4.36,4,19,19,,37,,10,5,
,2011,SANTA MARIA,3501,EDUCAÇÃO FÍSICA (LICENCIATURA),CEFD,1.6551,0.4276,0,4.6563,4.7455,5,1,0.8696,0.94784,1.6637435,414,96,37,98,19,4,387,35,85,3,93,17,398,37,84,4,95,18,404,37,91,4,96,19,1,1,1,1,1,1,24,7,8,1,12,2,402,35,86,2,93,16,403,35,87,2,93,16,12,3,9,3,6,4,407,37,92,4,96,19,,,,,,,,,,,,,2.66,2.78,2.8,2.57,2.7,2.11,4.61,4,4,4.37,3.92,3.35,2,54,48,,41,,7,1,
,2011,SANTA MARIA,5710,ENGENHARIA CIVIL,CT,2.9733,2.7117,2.8523,3.038,3.7054,5,1.5895,2.7315,2.0463,3.00625,179,38,14,69,16,4,50,6,27,2,16,9,140,14,40,4,35,14,144,12,49,3,32,12,1,1,1,1,1,1,93,10,45,3,21,11,50,7,20,1,17,9,60,7,39,2,16,10,37,2,34,2,5,5,145,12,45,3,33,13,,,,,,,,,,,,,2.59,2.83,2.87,2.79,3.01,2.86,4.49,4.11,3.69,4.49,4.11,3.3,4,85,81,,79,,10,3,
,2011,SANTA MARIA,5806,ENGENHARIA ELÉTRICA,CT,3.0959,2.7628,3.009,3.5625,4.0031,5,1.5116,2.2291,1.7986,3.1181525,131,27,9,52,13,5,37,6,22,3,15,8,109,8,33,4,24,10,121,9,45,5,26,12,1,1,1,1,1,1,53,6,29,4,13,9,42,6,17,3,16,8,36,5,28,3,13,9,20,3,16,3,4,4,116,9,39,5,26,12,,,,,,,,,,,,,2.67,3.19,3.3,2.94,3.39,3.29,4.29,4.29,4.29,4.29,4.29,4.29,4,44,43,,80,,10,3,
,2011,SANTA MARIA,5902,ENGENHARIA MECÂNICA,CT,3.1603,3.2084,3.5656,2.7966,3.5281,5,1.7214,1.0989,1.4724,3.22446,114,30,16,53,10,3,32,6,19,2,14,8,108,16,48,3,28,8,92,15,32,2,26,6,1,1,1,1,1,1,72,9,41,2,18,9,20,6,7,2,9,3,28,2,21,2,8,7,35,4,29,2,7,5,105,15,45,2,27,7,,,,,,,,,,,,,2.81,3.06,3.02,2.85,3.29,3.2,4.16,3.65,3.65,4.16,3.65,3.65,4,73,70,,59,,10,4,
,2011,SANTA MARIA,6008,ENGENHARIA QUÍMICA,CT,2.8645,2.5273,2.6778,2.9789,2.9236,5,2.2727,2.803,2.48482,2.8523705,63,23,11,35,13,7,24,7,19,5,9,7,48,7,20,3,16,6,36,7,12,4,14,6,1,1,1,1,1,1,42,9,29,6,16,11,21,6,15,4,9,5,18,6,16,4,7,5,29,5,27,5,8,8,43,7,16,3,14,5,,,,,,,,,,,,,2.71,2.76,2.93,2.99,2.95,3.04,4.22,4.13,3.85,4.22,4.13,3.85,3,45,44,,67,,10,3,
,2011,FREDERICO WESTPHALEN,6405,ENGENHARIA FLORESTAL,FW Campus,3.6871,3.2801,3.2801,4.3243,4.1892,5,3.5192,3.75,3.61152,3.6734855,42,9,3,35,7,3,4,1,4,1,1,1,13,1,7,1,5,3,5,1,3,1,2,1,1,1,1,1,1,1,20,2,17,2,5,4,8,1,8,1,2,2,8,1,8,1,2,2,3,1,3,1,2,2,5,1,3,1,2,1,,,,,,,,,,,,,2.79,2.83,3.01,2.9,3.06,3.01,4.47,3.69,3.69,4.47,3.69,3.69,4,54,53,,37,,8,4,
,2011,SANTA MARIA,6405,ENGENHARIA FLORESTAL,CCR,2.0676,1.243,1.243,3.5938,4.1667,5,0,2.0982,0.83928,2.079082,42,9,3,35,7,3,35,3,31,3,8,7,27,2,20,2,8,6,42,3,35,3,9,7,1,1,1,1,1,1,22,3,19,3,6,5,39,3,33,3,9,7,39,3,33,3,9,7,15,3,15,3,5,5,40,3,33,3,9,7,,,,,,,,,,,,,2.79,2.83,3.01,2.9,3.06,3.01,4.47,3.69,3.69,4.47,3.69,3.69,3,57,56,,96,,3,2,
,2011,SANTA MARIA,3202,FILOSOFIA (LICENCIATURA),CCSH,3.375,2.8625,2.9319,3.8889,4.6296,5,1.7009,4.5766,2.85118,3.3874495,98,23,9,42,11,3,21,4,8,2,8,5,37,3,3,1,7,2,88,8,34,3,20,10,1,1,1,1,1,1,34,5,18,2,13,8,44,4,21,2,14,8,38,5,19,3,12,6,15,3,10,2,6,5,64,6,12,1,14,4,,,,,,,,,,,,,2.9,3.15,3.23,2.76,3.18,3.34,4.87,4.11,3.64,4.11,4.11,3.49,4,33,32,,18,,5,3,
,2011,SANTA MARIA,1401,FÍSICA (BACHARELADO),CCNE,3.5231,2.9187,4.1275,4.4949,5,5,0.5556,0.3846,0.4872,3.5635625,41,9,5,36,7,3,12,2,11,2,4,4,37,5,32,3,9,7,32,5,27,3,9,7,1,1,1,1,1,1,1,1,1,1,1,1,8,1,7,1,3,3,10,1,9,1,3,3,7,2,7,2,2,2,39,5,34,3,9,7,,,,,,,,,,,,,2.82,3.26,3.12,2.88,3.46,3.49,4.1,4.04,3.63,4.1,4.04,3.63,4,9,9,,27,,2,3,
,2011,SANTA MARIA,1402,FÍSICA (LICENCIATURA),CCNE,3.1885,2.7983,3.123,4.4118,4.6507,5,0.8913,1.1111,0.97922,3.203083,116,18,10,97,12,5,30,6,26,4,11,8,112,10,93,5,18,12,109,9,92,5,17,12,1,1,1,1,1,1,30,4,27,2,7,5,30,6,25,3,11,7,29,6,24,3,11,7,12,1,12,1,1,1,113,10,94,5,18,12,,,,,,,,,,,,,2.79,3.22,3.14,2.81,3.33,3.35,4.69,4.05,3.73,4.69,4.05,3.7,4,26,24,,68,,2,3,
,2011,SANTA MARIA,3001,GEOGRAFIA (BACHARELADO),CCNE,,3.7816,3.359,0,0,0,2.3,2.144,2.2376,2.26761,51,11,4,39,8,2,,,,,,,,,,,,,,,,,,,,,,,,,,,,,,,,,,,,,,,,,,,,,,,,,,,,,,,,,,,,,,,,,,,2.84,3.08,3.12,2.78,3.01,2.79,4.4,3.97,3.69,4.04,3.97,3.14,,25,25,,0,,2,4,Unidade com cursos não reconhecidos até 30/09/2012
,2011,SANTA MARIA,3002,GEOGRAFIA (LICENCIATURA),CCNE,3.2642,3.5041,2.9557,3.5,4.725,5,1.1137,2.5466,1.68686,3.334594,166,32,12,109,16,4,41,6,24,2,12,7,114,12,61,4,30,14,146,11,91,3,31,15,1,1,1,1,1,1,34,5,23,2,12,8,65,5,37,1,14,7,42,5,27,2,8,5,24,3,22,3,5,5,139,12,83,4,31,15,,,,,,,,,,,,,2.81,3.06,3.25,2.71,2.98,2.93,4.43,4.2,4.2,3.87,3.83,3.33,4,31,31,,40,,2,4,
,2011,SANTA MARIA,2402,HISTÓRIA (LICENCIATURA),CCSH,2.058,1.6979,0.3101,3.4783,4.4966,5,1.8919,3.1199,2.3831,2.1159425,265,48,21,131,19,4,234,21,106,4,46,17,173,19,50,2,43,14,233,20,103,3,44,15,1,1,1,1,1,1,90,13,51,2,25,11,247,21,115,4,46,17,235,21,109,4,44,16,37,5,27,3,11,9,209,20,78,3,44,15,,,,,,,,,,,,,2.82,3.16,3.36,2.66,2.98,2.95,4.49,4.49,4.49,3.97,3.97,3.56,3,46,37,,23,,5,2,
,2011,SANTA MARIA,902,LETRAS (LICENCIATURA),CAL,2.9272,2.4901,1.9071,3.4739,4.8077,5,2.316,4.4169,3.15636,2.9956565,424,59,25,185,24,6,135,21,60,6,37,17,153,16,17,2,34,8,325,23,112,5,47,15,1,1,1,1,1,1,49,15,19,3,22,7,318,23,146,6,52,22,240,22,113,6,48,22,37,5,26,3,9,6,245,21,55,4,42,12,,,,,,,,,,,,,2.65,3.1,3.2,2.6,3.2,3.18,4.51,4.19,4.15,4.51,4.19,3.46,3,65,64,,52,,1,3,
,2011,SANTA MARIA,701,MATEMÁTICA (BACHARELADO),CCNE,,4.2947,,0,0,0,3.3333,5,3.99998,,27,5,3,26,4,2,,,,,,,,,,,,,,,,,,,,,,,,,,,,,,,,,,,,,,,,,,,,,,,,,,,,,,,,,,,,,,,,,,,2.77,2.82,2.81,2.82,3.17,3.5,4.43,4.11,4.11,4.43,4.11,4.11,SC,4,3,,0,,2,5,Curso sem Conceito
,2011,SANTA MARIA,702,MATEMÁTICA (LICENCIATURA),CCNE,3.6674,3.9568,4.0967,3.0355,4.6154,5,1.2255,2.3169,1.66206,3.7694865,313,53,25,182,23,5,25,6,20,3,9,6,264,25,135,5,52,22,303,25,174,5,53,23,1,1,1,1,1,1,68,8,48,3,19,10,18,6,14,2,7,3,17,5,15,3,6,4,45,3,39,3,8,8,292,25,162,5,52,22,,,,,,,,,,,,,2.62,3.09,3.24,2.67,3.2,3.68,4.85,4.2,4.2,4.85,4.2,4.2,4,42,37,,65,,2,5,
,2011,SANTA MARIA,4301,MÚSICA (LICENCIATURA),CAL,1.4806,0.3014,0.3014,2.8956,3.0588,5,1.5972,2.0833,1.79164,1.485506,60,16,5,39,11,3,58,5,39,3,15,11,51,5,32,3,15,10,49,5,31,3,11,7,1,1,1,1,1,1,38,5,26,3,13,9,60,5,39,3,16,11,60,5,39,3,16,11,18,2,16,2,4,3,53,5,34,3,14,9,,,,,,,,,,,,,2.6,2.7,2.63,2.75,2.88,2.68,4.45,4.45,4.33,4.45,4.45,4.33,2,10,9,,35,,1,1,
,2011,SANTA MARIA,2001,PEDAGOGIA (LICENCIATURA),CE,3.6409,3.4284,3.5133,3.5487,4.5638,5,2.3689,3.9781,3.01258,3.6929445,863,157,49,219,31,5,44,8,16,1,12,3,496,42,27,2,115,7,665,45,131,3,129,16,1,1,1,1,1,1,157,19,69,4,46,18,100,11,28,1,21,4,82,9,34,1,19,7,63,5,43,3,12,6,589,45,58,3,125,12,,,,,,,,,,,,,2.58,2.78,3.05,2.62,2.9,3.06,4.85,4.29,4.1,4.85,3.94,3.64,4,301,281,,149,,6,4,
,2011,SANTA MARIA,1501,QUÍMICA (BACHARELADO),CCNE,3.2015,2.907,2.8517,4.0449,4.4757,5,0.1724,3.8889,1.659,3.1780675,87,24,11,47,12,3,19,3,18,2,7,6,45,9,11,1,16,4,86,11,46,3,23,11,1,1,1,1,1,1,28,4,20,2,9,7,25,3,22,1,8,6,21,3,20,2,6,5,21,3,21,3,8,8,77,11,37,3,21,9,,,,,,,,,,,,,2.62,2.88,2.87,2.93,3.07,3.16,4.36,4.34,3.46,4.36,4.34,3.33,4,15,15,,89,,2,3,
,2011,SANTA MARIA,1502,QUÍMICA (LICENCIATURA),CCNE,3.0444,2.7871,2.4097,3.8889,4.4889,5,1.7014,2.9469,2.1996,3.0707575,157,22,11,104,13,5,60,10,48,4,15,9,115,10,62,4,18,9,135,10,82,4,20,11,1,1,1,1,1,1,53,7,38,4,14,10,75,9,56,3,15,9,58,9,48,3,14,8,24,3,23,3,5,5,131,11,78,5,20,11,,,,,,,,,,,,,2.74,3.19,3.32,2.83,3.2,3.16,4.59,4.07,3.82,4.59,4.07,3.82,4,24,24,,45,,2,3,
,2012,PALMEIRA DAS MISSOES,1,ADMINISTRAÇÃO,PM Campus,3.85,4.0839,4.1991,4.8913,3.5,5,2.2807,1.7313,2.06094,3.8624535,1366,306,100,174,44,7,38,5,10,2,10,5,1279,98,114,6,296,37,1074,94,92,5,259,30,1,1,1,1,1,1,99,8,34,4,20,11,50,7,3,1,9,1,69,7,25,3,10,5,65,11,12,2,19,6,1234,99,110,7,293,37,,,,,,,,,,,,,2.53,2.63,2.8,2.7,2.95,3.54,4.95,4.31,4.31,4.36,4.31,4.31,4,62,59,,,,9,5,
,2012,SANTA MARIA,1,ADMINISTRAÇÃO,CCSH,3.81,4.4874,3.3445,4.2361,4.1806,5,2.191,3.4176,2.68164,3.7900985,1366,306,100,174,44,7,48,6,13,3,11,6,984,80,59,2,243,23,1101,95,99,6,264,33,1,1,1,1,1,1,62,3,20,2,10,6,177,25,25,3,52,11,28,3,11,2,4,3,307,43,54,6,77,14,1065,92,72,3,262,28,,,,,,,,,,,,,2.53,2.63,2.8,2.7,2.95,3.54,4.95,4.31,4.31,4.36,4.31,4.31,4,91,83,,,,5,5,
,2012,SILVEIRA MARTINS,1,ADMINISTRAÇÃO,UDESSM,,,,5,5,5,0,0,0,,1366,306,100,174,44,7,,,,,,,,,,,,,,,,,,,,,,,,,,,,,,,,,,,,,,,,,,,,,,,,,,,,,,,,,,,,,,,,,,,2.53,2.63,2.8,2.7,2.95,3.54,4.95,4.31,4.31,4.36,4.31,4.31,,0,0,,,,12,,Unidade com cursos não reconhecidos até 22/11/2013
,2012,SANTA MARIA,2,DIREITO,CCSH,3.82,4.7405,3.9339,4.5455,4.2273,5,1.469,0.4369,1.05616,3.8333965,853,196,70,107,23,4,17,1,4,1,5,3,826,70,81,4,195,23,796,70,71,4,190,19,1,1,1,1,1,1,22,2,14,2,5,4,44,1,9,1,8,4,11,1,9,1,4,4,122,26,14,1,38,4,834,70,88,4,196,23,,,,,,,,,,,,,2.62,2.73,2.81,2.62,3.09,3.41,4.18,4.08,3.82,4.15,4.08,3.82,4,105,102,,,,5,5,
,2012,PALMEIRA DAS MISSOES,13,CIÊNCIAS ECONÔMICAS,PM Campus,,,,5,3.3333,5,0,0,0,,153,39,15,76,19,4,,,,,,,,,,,,,,,,,,,,,,,,,,,,,,,,,,,,,,,,,,,,,,,,,,,,,,,,,,,,,,,,,,,2.73,2.86,2.85,2.67,2.87,2.85,4.86,3.95,3.61,4.55,3.95,3.61,,0,0,,,,9,,Unidade com cursos não reconhecidos até 22/11/2013
,2012,SANTA MARIA,13,CIÊNCIAS ECONÔMICAS,CCSH,2.67,2.3668,2.5119,4.1542,2.6866,5,2.0833,0.9896,1.64582,2.688953,153,39,15,76,19,4,78,11,35,3,26,13,141,15,64,4,39,19,101,13,38,3,27,10,1,1,1,1,1,1,40,3,29,3,9,8,89,11,41,3,27,13,57,7,27,3,16,9,74,8,37,3,18,9,135,15,59,4,38,18,,,,,,,,,,,,,2.73,2.86,2.85,2.67,2.87,2.85,4.86,3.95,3.61,4.55,3.95,3.61,3,31,20,,,,5,3,
,2012,SANTA MARIA,18,PSICOLOGIA,CCSH,,,,4.3651,3.4321,5,0,2.4167,0.96668,,341,83,32,60,11,2,,,,,,,,,,,,,,,,,,,,,,,,,,,,,,,,,,,,,,,,,,,,,,,,,,,,,,,,,,,,,,,,,,,2.94,3.07,3.05,2.92,3.32,3.34,4.21,4.21,4.14,4.17,3.8,3.52,SC,23,1,,,,5,,Curso sem Conceito
,2012,SANTA MARIA,22,CIÊNCIAS CONTÁBEIS,CCSH,3.56,4.3125,3.6045,4.2857,2.328,5,3.4419,1.7094,2.7489,3.5820375,771,182,60,114,36,3,46,4,12,1,15,9,711,60,85,3,180,35,301,33,22,1,96,14,1,1,1,1,1,1,152,8,29,2,32,12,74,10,11,1,30,10,12,1,4,1,5,4,109,17,24,2,31,9,560,57,46,3,156,25,,,,,,,,,,,,,2.55,2.78,2.82,2.61,3.1,3.16,4.26,4.24,3.76,4.24,4.24,3.56,4,65,63,,,,5,5,
,2012,SANTA MARIA,26,DESIGN,CAL,3.69,3.862,4.1352,4.1852,2.8148,5,1.5459,3.2883,2.24286,3.667259,117,44,15,33,12,3,7,4,4,2,6,3,82,11,11,1,37,8,105,15,25,3,44,12,1,1,1,1,1,1,19,3,11,3,5,4,8,4,5,2,5,3,8,3,7,2,4,3,22,7,12,3,9,4,97,15,20,3,42,10,,,,,,,,,,,,,2.67,2.86,3.16,2.95,3.16,3.97,4.56,4.56,4.56,4.56,4.56,4.56,4,56,45,,,,1,4,
,2012,SANTA MARIA,81,RELAÇÕES INTERNACIONAIS,CCSH,,,,4.1503,3.3333,5,0,0,0,,64,13,7,9,1,1,,,,,,,,,,,,,,,,,,,,,,,,,,,,,,,,,,,,,,,,,,,,,,,,,,,,,,,,,,,,,,,,,,,2.74,2.95,3.2,3.14,4.39,4.39,4.39,4.39,4.39,4.39,4.39,4.39,,0,0,,,,5,,Unidade com cursos não reconhecidos até 22/11/2013
,2012,SILVEIRA MARTINS,85,TECNOLOGIA EM PROCESSOS GERENCIAIS,UDESSM,,1.9994,,5,5,5,3.5938,4.3371,3.89112,,122,37,12,14,2,1,,,,,,,,,,,,,,,,,,,,,,,,,,,,,,,,,,,,,,,,,,,,,,,,,,,,,,,,,,,,,,,,,,,2.54,2.6,2.76,2.91,3.1,3.55,4.47,3.76,3.76,3.87,3.55,3.55,SC,12,12,,,,12,3,Curso sem Conceito
,2012,FREDERICO WESTPHALEN,803,JORNALISMO,FW Campus,3.82,4.0968,4.4495,4.2188,2.0942,5,3.3333,2.526,3.01038,3.833782,216,47,18,50,11,4,10,3,6,2,5,3,171,15,19,2,40,7,71,9,11,2,19,5,1,1,1,1,1,1,71,9,35,4,17,9,5,1,3,1,3,2,10,2,8,2,4,3,56,12,25,4,20,8,113,13,12,2,25,5,,,,,,,,,,,,,2.88,3,3.18,2.95,3.13,3.3,4.47,4.26,4.19,4.47,4.26,4.19,4,27,24,,,,8,5,
,2012,SANTA MARIA,803,JORNALISMO,CCSH,1.56,0.2911,0,4.537,3.9298,5,0.8333,1.7448,1.1979,1.54265,216,47,18,50,11,4,211,18,47,4,47,11,195,17,35,4,45,11,205,18,42,4,45,10,1,1,1,1,1,1,12,2,9,2,4,4,211,18,46,4,46,10,211,18,46,4,46,10,37,7,19,3,12,6,207,18,43,4,47,11,,,,,,,,,,,,,2.88,3,3.18,2.95,3.13,3.3,4.47,4.26,4.19,4.47,4.26,4.19,2,25,22,,,,5,1,
,2012,SANTA MARIA,804,PUBLICIDADE E PROPAGANDA,CCSH,3.1,3.0541,2.3302,4.5767,4.1667,5,2.1739,2.1981,2.18358,3.0971845,284,51,19,30,9,3,58,12,13,3,19,6,245,18,15,3,45,7,208,18,15,3,45,7,1,1,1,1,1,1,11,2,7,2,4,3,152,16,19,3,36,8,71,11,17,2,23,7,35,6,11,2,9,3,227,18,13,3,45,7,,,,,,,,,,,,,2.61,2.84,3.16,2.91,3.2,3.59,4.45,4.26,4.26,4.26,4.26,4.26,4,23,23,,,,5,4,
,2013,SANTA MARIA,5,MEDICINA VETERINÁRIA,CCR,3.3156,3.7709,2.5451,4.1797,4.0625,5,2.1888,2.5583,3.2266,3.3156,143,33,10,47,13,4,30,3,16,3,11,6,91,8,11,2,21,3,104,8,20,2,27,9,1,1,1,1,1,1,24,3,24,3,7,7,57,5,19,3,18,7,24,3,19,3,9,7,67,7,34,4,17,9,55,5,9,2,16,3,,,,,,,,,,,,,2.8,2.97,2.84,3.05,3.19,3.35,4.17,4.06,3.75,4.04,3.79,3.75,4,102,101,,,,3,4,
,2013,SANTA MARIA,6,ODONTOLOGIA,CCS,3.446,4.0561,3.3322,3.9362,3.617,5,1.3746,1.9565,2.191,3.446,173,32,10,51,11,3,18,2,8,2,4,3,150,9,28,2,29,8,157,9,35,2,28,7,1,1,1,1,1,1,34,3,26,3,7,6,18,1,8,1,4,3,9,1,5,1,1,1,94,6,36,3,19,8,138,9,37,2,29,8,,,,,,,,,,,,,2.76,2.9,2.98,3.01,3.18,3.42,4.68,3.79,3.79,3.98,3.79,3.79,4,66,63,,,,4,5,
,2013,SANTA MARIA,12,MEDICINA,CCS,2.4081,3.1691,1.7672,3.4411,2.3175,5,1.039,1.5054,0.8727,2.4081,154,28,11,59,12,5,86,8,33,3,19,7,144,11,49,5,28,12,146,10,52,4,26,11,1,1,1,1,1,1,56,5,38,4,9,8,84,6,30,2,18,6,50,6,33,3,13,7,69,6,37,5,12,9,147,11,57,5,28,12,,,,,,,,,,,,,2.51,2.6,2.63,2.61,2.57,2.37,3.81,3.58,3.32,3.72,3.54,3.1,3,51,50,,,,4,4,
,2013,FREDERICO WESTPHALEN,17,AGRONOMIA,FW Campus,3.5367,3.2221,3.6297,4.2073,4.0244,5,2.1309,2.0709,2.5735,3.5367,162,42,16,92,19,5,29,4,26,4,13,13,129,15,60,4,40,17,113,13,48,3,31,10,1,1,1,1,1,1,31,4,30,4,8,8,27,6,18,3,17,12,35,5,32,4,15,14,91,11,61,5,26,14,100,12,48,4,32,14,,,,,,,,,,,,,2.92,3.19,3.17,3.09,3.5,3.56,4.03,3.99,3.86,4.03,3.99,3.86,4,51,51,,,,8,4,
,2013,SANTA MARIA,17,AGRONOMIA,CCR,3.673,3.688,3.7334,4.7077,3.9928,5,1.2043,2.7095,3.0365,3.673,162,42,16,92,19,5,19,3,17,3,11,11,97,13,30,2,30,7,152,15,82,4,41,18,1,1,1,1,1,1,34,5,32,5,10,10,18,3,15,2,12,10,10,1,10,1,6,6,44,5,31,4,11,8,71,10,35,3,26,12,,,,,,,,,,,,,2.92,3.19,3.17,3.09,3.5,3.56,4.03,3.99,3.86,4.03,3.99,3.86,4,161,151,,,,3,4,
,2013,SANTA MARIA,19,FARMÁCIA,CCS,3.2035,3.0969,2.6108,4.5863,4.2021,5,1.721,2.1585,3.3601,3.2035,263,56,20,52,12,3,66,9,24,2,18,7,216,19,16,2,48,4,230,19,27,2,50,6,1,1,1,1,1,1,16,3,15,3,4,4,116,15,27,2,35,9,64,5,35,2,13,7,78,14,24,3,28,8,125,12,10,1,29,1,,,,,,,,,,,,,2.74,2.9,3.09,3.04,3.1,3.25,4.1,3.98,3.95,4.1,3.98,3.5,4,118,103,,,,4,4,
,2013,PALMEIRA DAS MISSOES,23,ENFERMAGEM,PM Campus,3.7221,3.5095,3.8827,4.5862,3.2454,5,2.7799,3.1407,3.5969,3.7221,463,79,27,97,19,7,28,2,11,2,7,4,303,17,15,1,53,3,337,17,35,2,57,8,1,1,1,1,1,1,56,8,36,7,15,12,24,1,11,1,5,5,55,2,41,2,6,6,72,10,30,5,22,10,187,11,16,1,34,4,,,,,,,,,,,,,2.71,2.94,3.01,3,3.25,3.28,4.68,4.68,3.91,4.68,4.68,3.91,4,39,39,,,,9,4,
,2013,SANTA MARIA,23,ENFERMAGEM,CCS,3.1231,3.1592,2.7386,3.9655,3.854,5,1.8108,1.6385,2.5806,3.1231,463,79,27,97,19,7,108,7,40,3,24,10,419,25,57,5,73,13,417,24,60,4,72,12,1,1,1,1,1,1,28,3,24,3,8,8,193,16,62,4,48,13,92,6,61,4,16,11,166,21,46,7,43,14,340,22,61,6,66,16,,,,,,,,,,,,,2.71,2.94,3.01,3,3.25,3.28,4.68,4.68,3.91,4.68,4.68,3.91,4,51,45,,,,4,4,
,2013,SANTA MARIA,27,FONOAUDIOLOGIA,CCS,1.5884,1.3381,0,4.5,3.6029,5,0,0.4969,1.7186,1.5884,54,13,7,18,5,3,48,7,17,3,13,5,53,7,17,3,13,5,54,7,18,3,13,5,1,1,1,1,1,1,13,2,10,2,2,2,53,7,17,3,13,5,44,6,17,3,12,5,18,2,10,2,4,3,39,6,12,3,10,4,,,,,,,,,,,,,2.75,3.02,2.88,3,3.27,3.18,4.17,4.13,4.13,4.17,4.13,4.13,2,22,21,,,,4,2,
,2013,PALMEIRA DAS MISSOES,28,NUTRIÇÃO,PM Campus,3.4005,2.6244,3.8202,5,4.2105,5,0.3684,2.1341,0.9079,3.4005,246,51,21,53,10,5,38,3,21,3,4,4,211,18,28,3,44,6,243,21,50,5,51,10,1,1,1,1,1,1,11,2,10,2,3,3,20,1,7,1,1,1,74,5,39,4,10,7,1,1,1,1,1,1,236,21,52,5,50,10,,,,,,,,,,,,,2.7,2.67,2.74,3.13,3.15,3.36,4.42,3.85,3.85,4.31,3.85,3.85,4,3,3,,,,9,3,
,2013,SANTA MARIA,36,FISIOTERAPIA,CCS,3.6242,4.4843,3.7774,4.2356,3.3938,5,0.9368,1.5125,2.3063,3.6242,316,61,27,38,9,4,41,4,15,3,11,5,301,26,30,3,59,8,306,25,34,3,58,8,1,1,1,1,1,1,32,5,18,4,6,5,39,7,6,3,16,4,6,3,6,3,3,3,95,20,20,4,33,8,265,24,32,4,52,9,,,,,,,,,,,,,2.87,3.03,3.18,3.29,3.47,3.83,4.27,4.27,4.27,4.27,4.27,4.27,4,21,21,,,,4,5,
,2013,SANTA MARIA,38,SERVIÇO SOCIAL,CCSH,,,,3.75,3.3485,5,0,0,0,,209,35,12,45,9,1,,,,,,,,,,,,,,,,,,,,,,,,,,,,,,,,,,,,,,,,,,,,,,,,,,,,,,,,,,,,,,,,,,,2.74,2.75,2.93,2.78,2.78,2.68,4.26,4.26,4.26,3.9,3.82,2.68,,0,0,,,,5,,Unidade com cursos não reconhecidos até 31/10/2014
,2013,PALMEIRA DAS MISSOES,51,ZOOTECNIA,PM Campus,3.2123,2.842,2.9759,5,3.9643,5,1.3549,2.0564,2.1305,3.2123,69,13,4,59,13,4,27,1,26,1,9,9,39,3,32,3,9,9,59,4,51,4,12,12,1,1,1,1,1,1,23,3,23,3,5,5,25,1,24,1,7,7,36,1,35,1,9,9,1,1,1,1,1,1,60,4,54,4,12,12,,,,,,,,,,,,,2.96,3.28,2.86,3.06,3.28,2.86,4.25,3.94,3.21,4.25,3.94,3.21,4,37,33,,,,9,3,
,2013,SANTA MARIA,51,ZOOTECNIA,CCR,2.8585,2.5273,2.0808,4.4699,3.8145,5,1.6122,2.9079,3.0389,2.8585,69,13,4,59,13,4,40,2,38,2,11,11,17,1,11,1,3,3,53,2,47,2,10,10,1,1,1,1,1,1,27,4,26,4,7,7,47,2,43,2,11,11,45,3,43,3,12,12,29,3,25,3,6,6,35,1,31,1,7,7,,,,,,,,,,,,,2.96,3.28,2.86,3.06,3.28,2.86,4.25,3.94,3.21,4.25,3.94,3.21,3,50,47,,,,3,3,
,2013,SILVEIRA MARTINS,90,TECNOLOGIA EM AGRONEGÓCIOS,UDESSM,,1.843,,5,4.4501,5,2.4202,1.7452,2.9407,,39,11,6,15,4,3,,,,,,,,,,,,,,,,,,,,,,,,,,,,,,,,,,,,,,,,,,,,,,,,,,,,,,,,,,,,,,,,,,,2.67,2.66,3.05,3.03,2.78,3.42,4.11,3.76,3.76,4.11,3.76,3.76,SC,15,9,,,,12,2,
,2013,SILVEIRA MARTINS,92,TECNOLOGIA EM GESTÃO AMBIENTAL,UDESSM,2.838,2.3203,2.3203,5,4.0289,5,1.2523,1.2093,2.1232,2.838,111,23,15,25,8,7,42,7,13,3,10,4,108,15,24,7,23,8,109,15,24,7,23,8,1,1,1,1,1,1,5,2,3,2,2,2,58,10,15,4,15,5,63,11,21,5,17,6,1,1,1,1,1,1,81,11,19,5,16,6,,,,,,,,,,,,,2.63,2.74,2.83,2.81,2.85,2.76,3.97,3.82,3.82,3.75,3.75,3.75,3,15,15,,,,12,3,
,2013,SANTA MARIA,3501,EDUCAÇÃO FÍSICA (BACHARELADO),CEFD,3.3987,3.7625,3.1281,5,4.3436,5,0.4425,1.298,2.0681,3.3987,258,63,22,37,12,2,27,2,3,1,2,1,245,21,26,1,58,8,255,22,34,2,61,10,1,1,1,1,1,1,9,1,8,1,2,2,54,5,6,1,10,1,23,1,8,1,3,3,1,1,1,1,1,1,204,21,27,2,50,7,,,,,,,,,,,,,2.64,2.63,2.82,2.66,2.75,3.07,4.57,3.5,3.5,3.84,3.4,3.4,4,53,51,,,,7,4,
,2014,SANTA MARIA,21,ARQUITETURA E URBANISMO,CT,3.0427,2.8816,2.8816,4.031,3.439,5,1.4546,1.7029,2.818,3.0427,204,47,20,46,11,3,46,4,13,2,9,4,166,18,22,2,42,8,178,18,30,1,42,6,1,1,1,1,1,1,25,3,20,3,5,5,78,7,18,2,20,6,36,3,22,2,8,6,77,11,27,3,16,5,114,15,25,3,32,8,,,,,,,,,,,,,2.63,2.61,2.65,2.81,2.76,2.99,4.36,3.76,3.76,4.36,3.76,3.76,4,51,43,6,43,144,10,3,
,2014,SANTA MARIA,79,TECNOLOGIA EM REDES DE COMPUTADORES,CTISM,2.8745,3.0528,2.8749,3.6607,1.9048,5,1.3843,2.9765,2.7908,2.8745,157,22,10,13,1,1,61,6,5,1,10,1,105,8,8,1,16,1,139,9,12,1,19,1,1,1,1,1,1,1,85,4,4,1,10,1,44,6,3,1,12,1,28,4,5,1,8,1,70,8,8,1,14,1,94,8,11,1,16,1,,,,,,,,,,,,,2.67,2.76,2.73,2.67,2.87,2.87,4.5,3.53,3.3,3.88,2.87,2.87,3,24,23,12,21,188,11,4,
,2014,SANTA MARIA,701,MATEMÁTICA (BACHARELADO),CCNE,,0.9198,0.9198,4.0741,4.0253,5,2.4407,1.7897,2.2817,2.1198225,37,6,2,35,6,2,,,,,,,,,,,,,,,,,,,,,,,,,,,,,,,,,,,,,,,,,,,,,,,,,,,,,,,,,,,,,,,,,,,2.95,3.01,3.02,2.94,3.01,3.02,4.05,3.37,3.37,4.05,3.37,3.37,,2,2,1,27,23,2,1,Unidade sem curso(s) reconhecido(s) até 31/12/2014
,2014,SANTA MARIA,702,MATEMÁTICA (LICENCIATURA),CCNE,2.9931,2.8194,2.7585,4.8551,3.6957,5,0,1.958,2.8964,2.9931,328,65,28,193,31,8,73,8,51,3,23,15,283,27,152,7,57,23,327,28,192,8,65,31,1,1,1,1,1,1,36,3,31,3,8,8,81,9,55,2,24,13,64,8,48,2,23,14,55,10,26,3,12,4,153,23,70,6,40,15,,,,,,,,,,,,,2.55,2.73,2.74,2.58,2.78,2.71,4.63,4.14,4.14,4.63,4.01,3.26,4,15,13,6,69,228,2,3,
,2014,SANTA MARIA,903,LETRAS-PORTUGUÊS (BACHARELADO),CAL,2.75,2.0269,2.449,4.3478,4.5652,5,0,1.3659,1.331,2.75,27,5,1,19,5,1,16,1,11,1,4,4,17,1,9,1,2,2,27,1,19,1,5,5,1,1,1,1,1,1,6,1,6,1,3,3,13,1,8,1,3,3,17,1,11,1,3,3,17,1,12,1,4,4,22,1,15,1,4,4,,,,,,,,,,,,,2.82,2.83,2.75,2.83,2.83,2.75,4.09,3.96,2.75,4.09,3.96,2.75,3,7,6,2,23,66,1,3,
,2014,SANTA MARIA,904,LETRAS-PORTUGUÊS (LICENCIATURA),CAL,3.3196,3.6571,3.1207,4.569,4.0517,5,0.2436,1.9652,2.1611,3.3196,203,30,13,121,14,2,31,6,15,1,11,4,152,13,74,2,26,11,200,13,118,2,30,14,1,1,1,1,1,1,20,2,18,1,4,3,44,8,19,1,12,4,24,5,14,1,8,2,68,8,34,1,14,5,167,13,94,2,29,13,,,,,,,,,,,,,2.69,3.05,3.19,2.65,3,3.12,4.05,4,4,4.05,3.93,3.32,4,26,26,9,58,393,1,4,
,2014,SANTA MARIA,905,LETRAS-PORTUGUÊS E INGLÊS (LICENCIATURA),CAL,3.295,3.5709,2.9022,4.4118,3.3824,5,2.1984,2.3769,2.7233,3.295,295,50,18,102,19,3,51,8,22,2,15,6,234,17,57,2,40,12,213,11,58,1,29,7,1,1,1,1,1,1,36,5,19,3,7,5,115,12,40,2,29,9,25,5,13,3,9,6,125,16,41,3,30,11,163,9,47,1,30,9,,,,,,,,,,,,,2.7,2.99,3.16,2.68,3.04,3.44,4.05,4.05,4.05,4.05,4.05,4.05,4,24,22,11,34,126,1,4,
,2014,SANTA MARIA,1401,FÍSICA (BACHARELADO),CCNE,2.2115,1.278,0.8433,5,3.7755,5,2.8765,1.3595,2.4283,2.2115,49,10,5,42,8,3,42,5,38,3,10,8,40,5,33,3,10,8,14,4,9,2,5,3,1,1,1,1,1,1,19,2,19,2,4,4,44,5,39,3,10,8,46,5,40,3,10,8,1,1,1,1,1,1,23,5,18,3,7,5,,,,,,,,,,,,,2.76,2.78,2.63,2.85,2.85,2.7,4.01,3.53,3.1,4.01,3.53,3.1,3,5,5,2,21,66,2,2,
,2014,SANTA MARIA,1402,FÍSICA (LICENCIATURA),CCNE,3.0849,2.6108,2.5653,4.5161,4.0323,5,2.166,2.1795,2.9962,3.0849,131,25,13,110,18,7,29,5,26,3,9,7,96,13,78,7,22,15,92,9,75,4,17,11,1,1,1,1,1,1,29,3,29,3,4,4,33,6,28,3,11,8,46,5,38,3,12,9,63,7,50,3,15,10,60,10,46,5,17,11,,,,,,,,,,,,,2.63,2.84,2.76,2.68,2.92,2.87,4.56,3.76,3.72,4.56,3.76,3.27,4,22,22,7,62,95,2,3,
,2014,SANTA MARIA,1501,QUÍMICA (BACHARELADO),CCNE,3.3802,3.6835,3.0973,3.7589,4.0426,5,2.0375,1.6053,2.5238,3.3802,94,27,13,53,14,4,7,1,6,1,2,2,74,12,34,3,21,8,64,9,27,2,18,7,1,1,1,1,1,1,31,3,30,3,7,7,4,1,3,1,2,2,5,1,4,1,1,1,55,8,37,3,17,11,62,10,31,3,17,6,,,,,,,,,,,,,2.58,2.66,2.55,2.82,2.96,3.07,4.38,3.41,3.38,4.22,3.41,3.38,4,29,24,13,94,133,2,4,
,2014,SANTA MARIA,1502,QUÍMICA (LICENCIATURA),CCNE,3.2996,3.5147,2.6225,4.6341,3.7805,5,2.2302,2.7921,3.2895,3.2996,180,30,15,126,18,6,34,6,30,4,12,10,72,9,30,3,15,6,130,10,84,4,19,11,1,1,1,1,1,1,40,5,37,4,10,9,66,6,58,4,12,10,21,3,18,2,7,6,67,8,40,3,16,8,60,8,37,4,13,8,,,,,,,,,,,,,2.75,2.96,2.91,2.86,3.17,3.18,4.34,4.34,3.99,4.34,4.34,3.99,4,16,16,11,41,108,2,4,
,2014,SANTA MARIA,1601,CIÊNCIAS BIOLÓGICAS (BACHARELADO),CCNE,3.2768,3.0812,2.4446,5,5,5,1.7621,1.9965,2.9189,3.2768,205,42,16,85,16,6,68,10,41,6,19,11,167,14,48,4,36,11,186,16,68,6,40,14,1,1,1,1,1,1,1,1,1,1,1,1,137,13,55,6,32,14,54,8,41,6,14,10,1,1,1,1,1,1,95,9,31,3,24,7,,,,,,,,,,,,,2.97,3.09,3.27,3.09,3.34,3.55,4.33,3.97,3.92,4.33,3.97,3.92,4,34,32,28,37,86,2,4,
,2014,PALMEIRA DAS MISSOES,1602,CIÊNCIAS BIOLÓGICAS (LICENCIATURA),PM Campus,3.2637,2.8958,2.9604,4,3.125,5,3.3389,3.4145,3.3422,3.2637,383,68,33,182,20,6,74,13,41,4,21,9,170,21,25,2,38,4,139,16,22,1,30,2,1,1,1,1,1,1,129,9,87,5,18,12,109,19,49,4,32,12,105,13,68,5,26,14,224,22,109,6,45,17,149,20,44,5,31,6,,,,,,,,,,,,,2.85,3,3.13,2.89,3.13,3.44,4.78,4.23,3.99,4.78,3.95,3.95,4,27,27,18,24,160,9,3,
,2014,SANTA MARIA,1602,CIÊNCIAS BIOLÓGICAS (LICENCIATURA),CCNE,3.0159,3.4692,1.7611,5,5,5,0.5351,1.863,2.8973,3.0159,383,68,33,182,20,6,141,22,74,5,37,14,335,33,138,6,64,17,376,33,176,6,67,19,1,1,1,1,1,1,1,1,1,1,1,1,341,29,168,6,60,18,45,6,30,4,10,7,1,1,1,1,1,1,221,27,80,6,47,10,,,,,,,,,,,,,2.85,3,3.13,2.89,3.13,3.44,4.78,4.23,3.99,4.78,3.95,3.95,4,13,13,5,19,68,2,4,
,2014,SANTA MARIA,2001,PEDAGOGIA (LICENCIATURA),CE,3.1301,3.199,2.9359,4.4318,3.2446,5,0.8484,2.9182,2.3665,3.1301,953,175,57,240,39,10,164,27,42,7,47,14,630,50,61,5,133,15,932,57,226,10,171,35,1,1,1,1,1,1,109,9,68,6,25,17,200,25,39,5,59,15,189,26,73,8,54,23,325,32,100,6,76,24,729,53,147,9,151,29,,,,,,,,,,,,,2.65,2.85,3.07,2.64,3.05,3.18,4.54,4.04,4.04,3.82,3.73,3.58,4,119,102,33,132,1.157,6,4,
,2014,SANTA MARIA,2402,HISTÓRIA (LICENCIATURA),CCSH,3.4036,3.9073,3.1383,4.8,3.6,5,1.2304,2.2443,1.7708,3.4036,287,58,25,141,24,6,27,6,13,2,10,4,226,22,85,4,47,14,275,24,131,5,57,23,1,1,1,1,1,1,52,6,44,4,12,10,40,9,18,1,15,6,16,3,13,2,6,4,80,12,37,3,22,10,230,23,106,5,51,19,,,,,,,,,,,,,2.73,2.93,3.09,2.69,2.94,3.07,4.24,3.98,3.98,4.08,3.7,3.44,4,36,28,15,25,188,5,4,
,2014,SANTA MARIA,2501,ARTES VISUAIS (LICENCIATURA),CAL,3.7484,2.9131,4.8473,5,2.8261,5,2.1622,1.5369,2.2498,3.7484,82,29,9,35,13,5,3,2,1,1,2,1,68,8,24,4,25,9,55,6,17,3,24,9,1,1,1,1,1,1,20,4,17,4,6,6,3,2,1,1,2,1,32,6,21,3,11,8,1,1,1,1,1,1,62,9,24,5,25,10,,,,,,,,,,,,,2.75,2.75,3.04,2.84,2.78,3.11,4.58,3.9,3.9,3.75,3.75,3.75,4,13,8,2,23,82,1,3,
,2014,SANTA MARIA,3001,GEOGRAFIA (BACHARELADO),CCNE,,2.871,1.7255,4.4444,4.4444,5,1.2759,2.3465,3.0872,2.8433125,68,16,6,53,12,3,,,,,,,,,,,,,,,,,,,,,,,,,,,,,,,,,,,,,,,,,,,,,,,,,,,,,,,,,,,,,,,,,,,2.57,2.68,2.66,2.58,2.85,2.82,4.05,3.38,3.38,3.83,3.38,3.38,,31,29,10,36,98,2,3,Unidade sem curso(s) reconhecido(s) até 31/12/2014
,2014,SANTA MARIA,3002,GEOGRAFIA (LICENCIATURA),CCNE,3.2259,3.1539,2.6873,4.6651,4.3421,5,1.3383,2.2086,2.7036,3.2259,200,38,13,131,19,4,37,6,25,2,12,8,127,12,69,3,29,13,181,12,113,3,32,14,1,1,1,1,1,1,14,1,14,1,1,1,49,8,28,3,15,8,51,5,34,1,13,9,70,12,40,4,21,11,84,10,53,3,21,10,,,,,,,,,,,,,2.72,2.87,3.15,2.73,3.05,3.15,4.16,4.15,4.15,3.73,3.57,3.28,4,36,32,16,38,116,2,4,
,2014,SANTA MARIA,3201,FILOSOFIA (BACHARELADO),CCSH,4.4316,4.2053,5,5,4.7059,5,2.4181,3.143,1.8478,4.4316,58,15,10,30,5,3,1,1,1,1,1,1,28,8,4,1,10,1,45,10,20,3,13,4,1,1,1,1,1,1,12,3,8,1,3,1,1,1,1,1,1,1,5,2,4,1,3,2,1,1,1,1,1,1,49,10,23,3,14,5,,,,,,,,,,,,,3.03,3.3,3.31,3.1,3.98,3.92,4.43,4.43,4.43,4.43,4.43,4.43,5,12,12,3,17,75,5,5,
,2014,SANTA MARIA,3202,FILOSOFIA (LICENCIATURA),CCSH,3.6022,4.4609,2.9166,4.4737,4.2105,5,1.6536,3.2165,2.4918,3.6022,109,27,12,54,13,4,13,4,8,2,7,5,53,8,9,1,15,3,94,10,41,3,22,9,1,1,1,1,1,1,20,3,16,3,5,5,27,5,11,2,12,7,4,1,3,1,2,2,63,9,33,3,20,10,39,9,11,3,12,4,,,,,,,,,,,,,2.76,3.12,3.2,2.78,3.29,3.38,4.37,4.37,3.99,4.37,4.37,3.74,4,26,25,15,19,99,5,5,
,2014,SANTA MARIA,3502,EDUCAÇÃO FÍSICA (LICENCIATURA),CEFD,2.7379,3.4016,2.0014,4.8448,3.5366,5,0,0.7662,1.9963,2.7379,431,100,38,99,23,5,209,22,52,4,50,13,421,38,90,5,98,21,430,38,99,5,100,23,1,1,1,1,1,1,30,3,20,3,5,4,366,32,79,2,87,16,40,5,20,4,7,6,52,4,12,1,10,1,381,38,86,5,94,22,,,,,,,,,,,,,2.7,2.76,2.88,2.68,2.72,2.85,4.48,3.84,3.8,4.03,3.84,3.5,3,43,31,22,41,279,7,4,
,2014,SANTA MARIA,4004,CIÊNCIA DA COMPUTAÇÃO (BACHARELADO),CT,3.2752,3.253,2.9726,4,3.5556,5,2.0235,2.7611,3.4415,3.2752,264,54,22,86,18,4,55,5,40,2,14,10,178,19,37,3,39,10,223,22,61,4,48,14,1,1,1,1,1,1,39,3,31,3,6,6,53,6,33,1,15,9,50,4,42,3,11,9,143,17,64,4,36,16,105,13,30,3,25,8,,,,,,,,,,,,,2.6,2.67,2.66,3,3.09,3.35,4.47,4.04,3.66,4.09,4.04,3.66,4,32,30,12,45,157,10,4,
,2014,FREDERICO WESTPHALEN,4006,SISTEMAS DE INFORMAÇÃO,FW Campus,,3.4354,4.0821,4.5,4.0244,5,3.6918,3.6802,3.45,3.97912,418,91,29,72,16,2,,,,,,,,,,,,,,,,,,,,,,,,,,,,,,,,,,,,,,,,,,,,,,,,,,,,,,,,,,,,,,,,,,,2.65,2.74,2.91,2.81,2.81,3.55,4.25,3.95,3.8,4.25,3.65,3.65,,8,8,6,12,135,8,4,Unidade sem curso(s) reconhecido(s) até 31/12/2014
,2014,SANTA MARIA,4006,SISTEMAS DE INFORMAÇÃO,CT,3.4549,4.1322,3.0637,4.1429,3.8328,5,1.7321,2.0203,2.586,3.4549,418,91,29,72,16,2,38,4,13,2,10,3,356,27,51,2,84,13,374,27,58,2,84,14,1,1,1,1,1,1,15,4,10,1,5,2,96,14,24,2,30,6,13,2,8,1,4,2,144,17,29,1,36,5,276,22,52,2,67,14,,,,,,,,,,,,,2.65,2.74,2.91,2.81,2.81,3.55,4.25,3.95,3.8,4.25,3.65,3.65,4,21,21,13,42,144,10,5,
,2014,SANTA MARIA,4301,MÚSICA (LICENCIATURA),CAL,3.1904,3.3111,3.8999,3.5556,2,5,1.1044,1.9724,1.6054,3.1904,65,17,7,39,11,4,4,1,1,1,1,1,45,5,22,2,13,7,60,7,34,4,16,10,1,1,1,1,1,1,27,2,23,2,5,5,5,1,3,1,2,2,6,2,3,2,2,2,40,4,23,2,8,4,50,7,31,4,14,8,,,,,,,,,,,,,2.4,2.49,2.46,2.47,2.6,2.64,3.68,3.19,3.19,3.19,3.19,3.19,4,11,11,5,25,60,1,4,
,2014,SANTA MARIA,5401,CIÊNCIAS SOCIAIS (BACHARELADO),CCSH,3.14,2.6983,2.54,4.1346,3.7637,5,2.8633,3.3681,3.1406,3.14,61,10,5,51,8,3,15,1,11,1,4,4,13,3,5,1,4,2,15,3,8,1,4,2,1,1,1,1,1,1,30,3,25,3,6,6,14,1,11,1,3,3,30,3,23,2,7,6,37,2,30,2,6,6,11,1,6,1,2,2,,,,,,,,,,,,,2.71,2.93,2.54,2.71,3.18,2.95,3.82,3.78,3.14,3.82,3.78,3.14,4,18,14,3,26,112,5,3,
,2014,SANTA MARIA,5710,ENGENHARIA CIVIL,CT,3.5331,3.7717,3.69,3.804,3.2558,5,1.7683,2.6277,2.9821,3.5331,239,49,20,74,18,5,12,3,11,2,4,3,146,15,26,2,37,11,195,18,45,3,44,14,1,1,1,1,1,1,39,4,31,2,7,5,13,5,8,1,6,1,14,1,14,1,5,5,119,10,45,4,22,10,110,13,32,3,31,10,,,,,,,,,,,,,2.58,2.76,2.75,2.99,3.01,3.01,4.29,3.65,3.65,4.29,3.64,3.64,4,78,70,22,86,447,10,4,
,2014,SANTA MARIA,5806,ENGENHARIA ELÉTRICA,CT,3.234,3.0894,3.0894,4.0854,3.7195,5,1.2856,2.3992,3.164,3.234,204,37,14,67,15,5,31,5,22,4,10,8,152,12,32,4,32,12,190,13,57,4,36,14,1,1,1,1,1,1,28,2,22,2,3,3,34,7,22,4,13,9,25,3,21,3,7,7,87,8,33,3,19,7,75,6,18,3,19,6,,,,,,,,,,,,,2.58,2.86,2.95,3.01,3.27,3.53,4.35,3.9,3.83,4.35,3.9,3.83,4,48,47,7,82,324,10,4,
,2014,SANTA MARIA,5809,ENGENHARIA DE COMPUTAÇÃO,CT,3.0073,3.2152,2.1427,4.2317,3.811,5,1.7965,2.6982,3.2257,3.0073,102,22,12,32,9,5,31,6,21,4,9,6,64,9,14,3,19,7,81,12,24,5,21,9,1,1,1,1,1,1,17,3,14,3,4,4,57,9,26,4,15,7,19,3,15,3,4,4,45,8,16,2,12,3,54,9,18,3,18,7,,,,,,,,,,,,,2.69,2.92,2.93,3.17,3.17,3.14,4.24,4.24,3.58,4.24,4.24,3.58,4,15,14,7,41,189,10,4,
,2014,SANTA MARIA,5814,ENGENHARIA DE CONTROLE E AUTOMAÇÃO,CT,4.2828,4.6448,5,3.9024,3.5366,5,2.4414,2.7719,3.359,4.2828,102,15,7,27,6,4,2,1,2,1,1,1,53,4,9,2,12,4,52,4,8,3,10,3,1,1,1,1,1,1,15,2,12,2,3,3,1,1,1,1,1,1,2,1,2,1,1,1,52,6,18,3,11,5,42,3,14,2,10,4,,,,,,,,,,,,,2.58,3.04,3.21,3.18,3.52,3.69,4.34,4.28,4.28,4.34,4.28,4.28,5,13,13,4,41,172,10,5,
,2014,SANTA MARIA,5902,ENGENHARIA MECÂNICA,CT,3.2825,3.8451,3.3166,3.4315,2.8286,5,1.5564,2.0899,2.9936,3.2825,156,36,17,64,15,5,15,3,14,2,5,4,125,15,39,3,31,10,131,15,42,3,29,9,1,1,1,1,1,1,48,7,38,4,11,8,13,2,12,2,3,3,9,1,9,1,2,2,81,9,41,3,19,9,65,9,26,3,16,7,,,,,,,,,,,,,2.46,2.52,2.51,2.77,2.86,2.91,4.38,4.1,4.1,4.38,4.1,4.1,4,40,33,7,64,287,10,4,
,2014,SANTA MARIA,6008,ENGENHARIA QUÍMICA,CT,2.8753,3.4636,2.3449,3.425,2.9979,5,1.0843,2.7718,2.4137,2.8753,91,24,11,44,13,7,26,4,19,3,6,3,55,8,14,4,17,6,71,9,25,5,19,8,1,1,1,1,1,1,43,7,36,6,11,10,31,5,18,3,10,4,12,2,12,2,3,3,65,9,37,6,16,11,60,8,23,4,19,8,,,,,,,,,,,,,2.59,2.58,2.67,2.86,2.57,2.62,4.23,3.49,3.49,4.23,3.49,3.49,3,43,39,13,80,329,10,4,
,2014,SANTA MARIA,6208,ENGENHARIA DE PRODUÇÃO,CT,,4.3601,4.3601,4.5789,3.9474,5,3.0566,3.6974,3.5963,4.212605,259,46,18,60,11,3,,,,,,,,,,,,,,,,,,,,,,,,,,,,,,,,,,,,,,,,,,,,,,,,,,,,,,,,,,,,,,,,,,,2.56,2.64,2.72,2.89,2.92,3.19,4.2,3.8,3.59,4.2,3.79,3.59,,8,8,1,38,202,10,5,Unidade sem curso(s) reconhecido(s) até 31/12/2014
,2014,FREDERICO WESTPHALEN,6307,ENGENHARIA AMBIENTAL,FW Campus,3.146,2.7612,3.2535,3.3718,3.75,5,1.6927,1.6583,2.1924,3.146,159,31,12,49,10,4,35,5,26,4,12,9,143,12,39,4,30,9,141,12,38,4,28,8,1,1,1,1,1,1,20,2,18,2,4,4,33,5,18,4,15,9,36,7,28,4,12,9,118,12,42,4,26,9,124,12,44,4,27,10,,,,,,,,,,,,,2.62,2.92,3.13,3.13,3.53,3.81,4.42,4.42,4.42,4.42,4.42,4.42,4,34,32,23,28,258,8,3,
,2014,SANTA MARIA,6307,ENGENHARIA AMBIENTAL,CT,4.4236,4.2608,5,4.8176,3.6,5,3.484,3.6926,3.9683,4.4236,159,31,12,49,10,4,1,1,1,1,1,1,46,2,3,1,8,2,37,1,3,1,6,2,1,1,1,1,1,1,27,4,22,4,6,6,1,1,1,1,1,1,3,2,3,2,2,2,29,3,11,1,5,1,27,1,4,1,4,1,,,,,,,,,,,,,2.62,2.92,3.13,3.13,3.53,3.81,4.42,4.42,4.42,4.42,4.42,4.42,5,10,8,2,50,174,10,5,
,2014,FREDERICO WESTPHALEN,6405,ENGENHARIA FLORESTAL,FW Campus,3.0597,3.2589,1.8452,4.1185,4.3939,5,2.819,3.0229,2.2622,3.0597,43,11,3,36,9,3,15,2,12,2,7,6,14,2,8,2,7,5,17,2,11,2,7,5,1,1,1,1,1,1,10,2,9,2,3,3,23,2,20,2,9,8,11,1,11,1,5,5,25,3,22,3,8,6,19,2,14,2,9,7,,,,,,,,,,,,,2.69,3.15,3.06,2.74,3.21,3.06,4.34,4.34,3.3,4.34,4.34,3.3,4,35,35,15,33,180,8,4,
,2014,SANTA MARIA,6405,ENGENHARIA FLORESTAL,CCR,2.8143,3.1781,1.5648,4.4351,4.0291,5,1.7559,2.7197,2.055,2.8143,43,11,3,36,9,3,17,3,14,3,8,7,17,3,11,3,9,7,39,3,33,3,11,9,1,1,1,1,1,1,17,3,16,3,4,4,28,3,25,3,10,9,12,2,12,2,6,6,20,2,17,2,5,3,23,3,18,3,11,9,,,,,,,,,,,,,2.69,3.15,3.06,2.74,3.21,3.06,4.34,4.34,3.3,4.34,4.34,3.3,3,56,53,23,103,316,3,4,
