_id,ano,municipio,codigo_curso,nome_curso,centro,CPCCONTINUO,nc,nidd,nm,nd,nr,no,nf,na,cpc_f2013,t_ies_br,t_ies_sul,t_ies_rs,t_ifes_br,t_ifes_sul,t_ifes_rs,id_centro,POSICAOBRASILCPC,POSICAORSCPC,POSICAOPUBLICABRASILCPC,POSICAOPUBLICARSCPC,POSICAOSULCPC,POSICAOIFESCPC,POSICAOBRASILINFRA,POSICAORSINFRA,POSICAOPUBLICABRASILINFRA,POSICAOPUBLICARSINFRA,POSICAOSULINFRA,POSICAOIFESINFRA,POSICAOBRASILPEDAG,POSICAORSPEDAG,POSICAOPUBLICABRASILPEDAG,POSICAOPUBLICARSPEDAG,POSICAOSULPEDAG,POSICAOIFESPEDAG,POSICAOBRASILREGIME,POSICAORSREGIME,POSICAOPUBLICABRASILREGIME,POSICAOPUBLICARSREGIME,POSICAOSULREGIME,POSICAOIFESREGIME,POSICAOBRASILDOUTOR,POSICAORSDOUTOR,POSICAOPUBLICABRASILDOUTOR,POSICAOPUBLICARSDOUTOR,POSICAOSULDOUTOR,POSICAOIFESDOUTOR,POSICAOBRASILIDD,POSICAORSIDD,POSICAOPUBLICABRASILIDD,POSICAOPUBLICARSIDD,POSICAOSULIDD,POSICAOIFESIDD,POSICAOBRASILENADE,POSICAORSENADE,POSICAOPUBLICABRASILENADE,POSICAOPUBLICARSENADE,POSICAOSULENADE,POSICAOIFESENADE,POSICAOBRASILMESTRE,POSICAORSMESTRE,POSICAOPUBLICABRASILMESTRE,POSICAOPUBLICARSMESTRE,POSICAOSULMESTRE,POSICAOIFESMESTRE,POSICAOBRASILAMPLIACAO,POSICAORSAMPLIACAO,POSICAOPUBLICABRASILAMPLIACAO,POSICAOPUBLICARSAMPLIACAO,POSICAOSULAMPLIACAO,POSICAOIFESAMPLIACAO,DISTANCIABRASILCPC,DISTANCIARSCPC,DISTANCIAPUBLICACPC,DISTANCIAPUBLICARSCPC,DISTANCIASULCPC,DISTANCIAIFESCPC,DISTANCIABRASILENADE,DISTANCIARSENADE,DISTANCIAPUBLICAENADE,DISTANCIAPUBLICARSENADE,DISTANCIASULENADE,DISTANCIAIFESENADE,media_ies_br,media_ies_sul,media_ies_rs,media_ifes_br,media_ifes_sul,media_ifes_rs,max_ies_br,max_ies_sul,max_ies_rs,max_ifes_br,max_ifes_sul,max_ifes_rs,CPC_FAIXA
46,2011,SANTA MARIA,2501,ARTES VISUAIS (LICENCIATURA),CAL,2.92,2.73,3.09,4.56,2.24,5,1.05,2.15,1.49,2.9,67,23,8,34,12,4,1,35,8,23,4,16,15,55,8,23,4,23,12,60,8,28,4,21,18,1,1,1,1,1,1,22,3,17,3,8,12,27,4,18,2,9,12,39,8,25,4,17,16,14,2,6,2,6,4,1,1,1,1,1,1,"52,239",100,"67,647",100,"69,565",75,"58,209",100,"73,529",100,"73,913",80,2.84,3.02,3.24,3.02,3.23,3.3,4.43,4.43,4.01,4.43,4.43,4.01,3
99,2014,SANTA MARIA,2501,ARTES VISUAIS (LICENCIATURA),CAL,3.75,2.91,4.85,5,2.83,5,2.16,1.54,2.25,3.75,82,29,9,35,13,5,1,3,2,1,1,2,1,68,8,24,4,25,14,55,6,17,3,24,8,1,1,1,1,1,1,20,4,17,4,6,12,3,2,1,1,2,1,32,6,21,3,11,12,1,1,1,1,1,1,62,9,24,5,25,14,"3,659","22,222",0,0,"6,897",0,"39,024","66,667",60,60,"37,931",60,2.76,2.75,3.04,2.84,2.78,3.11,4.58,3.9,3.9,3.75,3.75,3.75,4
107,2014,SANTA MARIA,5401,CIÊNCIAS SOCIAIS (BACHARELADO),CAL,3.14,2.7,2.54,4.14,3.76,5,2.86,3.37,3.14,3.14,61,10,5,51,8,3,5,15,1,11,1,4,8,13,3,5,1,4,4,15,3,8,1,4,5,1,1,1,1,1,1,30,3,25,3,6,20,14,1,11,1,3,8,30,3,23,2,7,20,37,2,30,2,6,22,11,1,6,1,2,5,24.59,0,"21,569",0,40,"21,053",49.18,60,"45,098","66,667",70,"52,632",2.71,2.93,2.54,2.71,3.18,2.95,3.82,3.78,3.14,3.82,3.78,3.14,4
18,2009,SANTA MARIA,26,DESIGN,CAL,3.18,3.92,2.53,4.27,2.96,5,1.39,2.96,2.02,3.11,112,36,13,23,8,2,1,12,3,9,2,6,5,68,11,4,1,28,1,101,13,17,2,34,11,1,1,1,1,1,1,13,3,10,2,4,8,56,11,13,2,24,7,11,3,8,2,8,4,9,3,5,1,5,3,1,1,1,1,1,1,"10,714","23,077",39.13,100,"16,667","35,714","9,821","23,077","34,783",100,"22,222","28,571",2.2,2.53,2.74,2.94,3.16,3.38,4.11,3.74,3.59,4.11,3.74,3.59,4
65,2012,SANTA MARIA,26,DESIGN,CAL,3.69,3.86,4.14,4.19,2.82,5,1.55,3.29,2.24,3.67,117,44,15,33,12,3,1,7,4,4,2,6,4,82,11,11,1,37,3,105,15,25,3,44,14,1,1,1,1,1,1,19,3,11,3,5,8,8,4,5,2,5,5,8,3,7,2,4,6,22,7,12,3,9,11,1,1,1,1,1,1,"5,983","26,667","12,121","66,667","13,636","21,053","6,838",20,"21,212","66,667","9,091","31,579",2.67,2.86,3.16,2.95,3.16,3.98,4.57,4.57,4.57,4.57,4.57,4.57,4
37,2011,SANTA MARIA,902,LETRAS (LICENCIATURA),CAL,2.93,2.49,1.91,4.81,3.47,5,2.32,4.42,3.16,2.9,424,59,25,185,24,6,1,135,21,60,6,37,27,153,16,17,2,34,4,325,23,112,5,47,38,1,1,1,1,1,1,37,5,26,3,9,20,318,23,146,6,52,46,240,22,113,6,48,39,49,15,19,3,22,9,1,1,1,1,1,1,31.84,84,"32,432",100,"62,712","46,552","56,604",88,"61,081",100,"81,356","67,241",2.65,3.1,3.2,2.6,3.2,3.18,4.51,4.19,4.15,4.51,4.19,3.46,3
87,2014,SANTA MARIA,903,LETRAS-PORTUGUÊS (BACHARELADO),CAL,2.75,2.03,2.45,4.35,4.57,5,0,1.37,1.33,2.75,27,5,1,19,5,1,1,16,1,11,1,4,7,17,1,9,1,2,5,27,1,19,1,5,12,1,1,1,1,1,1,6,1,6,1,3,5,13,1,8,1,3,5,17,1,11,1,3,8,17,1,12,1,4,7,22,1,15,1,4,9,"59,259",0,"57,895",0,80,"58,333","62,963",100,"57,895",100,60,"66,667",2.82,2.83,2.75,2.83,2.83,2.75,4.09,3.96,2.75,4.09,3.96,2.75,3
88,2014,SANTA MARIA,904,LETRAS-PORTUGUÊS (LICENCIATURA),CAL,3.32,3.66,3.12,4.57,4.05,5,0.24,1.97,2.16,3.32,203,30,13,121,14,2,1,31,6,15,1,11,11,152,13,74,2,26,32,200,13,118,2,30,45,1,1,1,1,1,1,20,2,18,1,4,12,44,8,19,1,12,9,24,5,14,1,8,9,68,8,34,1,14,18,167,13,94,2,29,39,"15,271","46,154","12,397",0,"36,667","23,404","11,823","38,462",11.57,50,"26,667","19,149",2.69,3.05,3.19,2.65,3,3.12,4.05,4,4,4.05,3.93,3.32,4
89,2014,SANTA MARIA,905,LETRAS-PORTUGUÊS E INGLÊS (LICENCIATURA),CAL,3.3,3.57,2.9,4.41,3.38,5,2.2,2.38,2.72,3.3,295,50,18,102,19,3,1,51,8,22,2,15,12,234,17,57,2,40,18,213,11,58,1,29,15,1,1,1,1,1,1,36,5,19,3,7,13,115,12,40,2,29,14,25,5,13,3,9,9,125,16,41,3,30,19,163,9,47,1,30,14,"17,288","44,444","21,569","66,667",30,37.5,"8,475","27,778","12,745",100,18,"28,125",2.71,2.99,3.16,2.69,3.04,3.44,4.05,4.05,4.05,4.05,4.05,4.05,4
20,2009,SANTA MARIA,43,MÚSICA,CAL,3.75,3.72,4.64,3.61,3.41,5,1.26,3.18,2.03,3.83,57,14,5,39,10,3,1,5,2,5,2,2,4,11,2,5,2,2,5,42,5,27,3,10,17,1,1,1,1,1,1,9,2,8,2,4,6,13,2,8,2,4,5,5,2,4,2,2,4,29,5,21,3,12,14,1,1,1,1,1,1,"8,772",40,"12,821","66,667","14,286","16,667","8,772",40,"10,256","66,667","14,286","16,667",2.37,2.26,2.68,2.55,2.56,3.29,4.15,4.15,4.15,4.15,4.15,4.15,4
52,2011,SANTA MARIA,4301,MÚSICA (LICENCIATURA),CAL,1.48,0.3,0.3,3.06,2.9,5,1.6,2.08,1.79,1.47,60,16,5,39,11,3,1,58,5,39,3,15,24,51,5,32,3,15,19,49,5,31,3,11,21,1,1,1,1,1,1,18,2,16,2,4,14,60,5,39,3,16,24,60,5,39,3,16,24,38,5,26,3,13,19,1,1,1,1,1,1,"96,667",100,100,100,93.75,100,100,100,100,100,100,100,2.6,2.7,2.63,2.75,2.88,2.68,4.45,4.45,4.33,4.45,4.45,4.33,2
106,2014,SANTA MARIA,4301,MÚSICA (LICENCIATURA),CAL,3.19,3.31,3.9,3.56,2,5,1.1,1.97,1.61,3.19,65,17,7,39,11,4,1,4,1,1,1,1,1,45,5,22,2,13,15,60,7,34,4,16,24,1,1,1,1,1,1,27,2,23,2,5,18,5,1,3,1,2,2,6,2,3,2,2,2,40,4,23,2,8,19,50,7,31,4,14,21,"6,154",0,0,0,0,0,"9,231","28,571","7,692",50,"11,765","7,692",2.4,2.49,2.46,2.47,2.6,2.65,3.68,3.19,3.19,3.19,3.19,3.19,4
19,2009,SANTA MARIA,39,TEATRO,CAL,3.27,5,4.62,2.7,0,5,2.14,2.08,2.11,3.51,32,6,2,21,6,2,1,7,1,7,1,3,4,16,1,5,1,4,1,18,2,10,2,4,7,1,1,1,1,1,1,30,2,20,2,6,15,14,1,9,1,2,7,1,1,1,1,1,1,22,2,17,2,6,12,1,1,1,1,1,1,"21,875",0,"33,333",0,50,"26,667","3,125",50,"4,762",50,"16,667","6,667",2.56,3,3.1,2.71,3,3.1,4.17,4.13,3.27,4.17,4.13,3.27,4
42,2011,SANTA MARIA,1601,CIÊNCIAS BIOLÓGICAS (BACHARELADO),CCNE,1.61,3.29,2.12,0,0,0,0.59,2.2,1.23,1.58,165,33,16,71,11,7,2,154,16,66,7,32,41,133,15,42,6,29,24,162,16,68,7,33,40,158,16,66,7,33,39,158,16,66,7,32,39,92,12,37,5,25,25,43,7,28,5,10,21,157,16,65,7,32,39,1,1,1,1,1,1,"93,333",100,"92,958",100,96.97,"97,619","26,061",43.75,"39,437","71,429","30,303",50,2.78,2.97,3.23,2.84,3.18,3.25,4.39,4.12,4.12,4.3,3.93,3.93,Unidade com cursos não reconhecidos até 30/09/2012
94,2014,SANTA MARIA,1601,CIÊNCIAS BIOLÓGICAS (BACHARELADO),CCNE,3.28,3.08,2.45,5,5,5,1.76,2,2.92,3.28,205,42,16,85,16,6,2,68,10,41,6,19,28,167,14,48,4,36,27,186,16,68,6,40,41,1,1,1,1,1,1,1,1,1,1,1,1,137,13,55,6,32,35,54,8,41,6,14,30,1,1,1,1,1,1,95,9,31,3,24,22,"33,171",62.5,"48,235",100,"45,238",52.83,"26,341",50,"48,235",100,"33,333","56,604",2.97,3.09,3.27,3.09,3.34,3.55,4.33,3.97,3.92,4.33,3.97,3.92,4
43,2011,SANTA MARIA,1602,CIÊNCIAS BIOLÓGICAS (LICENCIATURA),CCNE,3.46,3.66,3.11,4.74,4.46,5,0.33,2.88,1.35,3.42,363,62,27,174,17,5,2,57,7,33,3,14,15,277,26,92,4,59,38,359,27,170,5,62,64,1,1,1,1,1,1,19,2,17,2,3,8,110,13,54,3,24,20,31,4,22,2,5,12,78,10,38,3,22,21,1,1,1,1,1,1,"15,702","25,926","18,966",60,"22,581","22,727",8.54,"14,815","12,644",40,"8,065","18,182",2.82,3.01,3.14,2.79,3.26,3.47,4.3,4.01,4.01,4.3,3.77,3.77,4
95,2014,SANTA MARIA,1602,CIÊNCIAS BIOLÓGICAS (LICENCIATURA),CCNE,3.02,3.47,1.76,5,5,5,0.54,1.86,2.9,3.02,383,68,33,182,20,6,2,141,22,74,5,37,50,335,33,138,6,64,66,376,33,176,6,67,78,2,2,2,2,2,2,1,1,1,1,1,1,341,29,168,6,60,75,45,6,30,4,10,20,1,1,1,1,1,1,221,27,80,6,47,44,"36,815","66,667","40,659","83,333","54,412","61,728","11,749","18,182","16,484","66,667","14,706","24,691",2.85,3,3.13,2.89,3.13,3.44,4.78,4.23,3.99,4.78,3.95,3.95,4
38,2011,SANTA MARIA,1401,FÍSICA (BACHARELADO),CCNE,3.52,2.92,4.13,5,4.5,5,0.56,0.39,0.49,3.53,41,9,5,36,7,3,2,12,2,11,2,4,9,37,5,32,3,9,23,32,5,27,3,9,21,1,1,1,1,1,1,7,2,7,2,2,3,8,1,7,1,3,5,10,1,9,1,3,7,1,1,1,1,1,1,1,1,1,1,1,1,"29,268",40,"30,556","66,667","44,444",36,24.39,20,25,"33,333","33,333",28,2.82,3.26,3.12,2.88,3.46,3.49,4.1,4.04,3.63,4.1,4.04,3.63,4
90,2014,SANTA MARIA,1401,FÍSICA (BACHARELADO),CCNE,2.21,1.28,0.84,5,3.78,5,2.88,1.36,2.43,2.21,49,10,5,42,8,3,2,42,5,38,3,10,27,40,5,33,3,10,23,14,4,9,2,5,7,1,1,1,1,1,1,19,2,19,2,4,13,44,5,39,3,10,27,46,5,40,3,10,29,1,1,1,1,1,1,23,5,18,3,7,15,"85,714",100,"90,476",100,100,90,"93,878",100,"95,238",100,100,"96,667",2.76,2.79,2.63,2.85,2.85,2.7,4.01,3.53,3.1,4.01,3.53,3.1,3
39,2011,SANTA MARIA,1402,FÍSICA (LICENCIATURA),CCNE,3.19,2.8,3.12,4.65,4.41,5,0.89,1.11,0.98,3.18,116,18,10,97,12,5,2,30,6,26,4,11,15,112,10,93,5,18,46,109,9,92,5,17,44,1,1,1,1,1,1,12,1,12,1,1,5,30,6,25,3,11,13,29,6,24,3,11,12,30,4,27,2,7,15,1,1,1,1,1,1,"25,862",60,"26,804",80,"61,111","31,915",25,60,"24,742",60,"61,111","25,532",2.79,3.22,3.14,2.81,3.33,3.35,4.69,4.06,3.73,4.69,4.06,3.7,4
91,2014,SANTA MARIA,1402,FÍSICA (LICENCIATURA),CCNE,3.09,2.61,2.57,4.52,4.03,5,2.17,2.18,3,3.09,131,25,13,110,18,7,2,29,5,26,3,9,18,96,13,78,7,22,37,92,9,75,4,17,36,1,1,1,1,1,1,29,3,29,3,4,21,33,6,28,3,11,15,46,5,38,3,12,24,63,7,50,3,15,29,60,10,46,5,17,24,"22,137","38,462","23,636","42,857",36,"32,143","35,115","38,462","34,545","42,857",48,"42,857",2.63,2.84,2.76,2.68,2.92,2.87,4.56,3.76,3.72,4.56,3.76,3.27,4
47,2011,SANTA MARIA,3001,GEOGRAFIA (BACHARELADO),CCNE,2.27,3.78,3.36,0,0,0,2.3,2.14,2.24,2.27,52,12,5,40,9,3,2,38,5,28,3,10,21,40,5,29,3,12,18,37,4,27,3,10,18,45,5,33,3,12,22,45,5,33,3,12,22,16,2,12,1,5,9,15,2,11,1,4,9,44,5,33,3,12,22,1,1,1,1,1,1,"73,077",100,70,100,"83,333",75,"28,846",40,27.5,"33,333","33,333","32,143",2.83,3.01,2.95,2.76,2.93,2.62,4.4,3.97,3.69,4.04,3.97,3.15,Unidade com cursos não reconhecidos até 30/09/2012
48,2011,SANTA MARIA,3002,GEOGRAFIA (LICENCIATURA),CCNE,3.26,3.5,2.96,4.73,3.5,5,1.11,2.55,1.69,3.24,166,32,12,109,16,4,2,41,6,24,2,12,13,114,12,61,4,30,20,146,11,91,3,31,32,1,1,1,1,1,1,24,3,22,3,5,15,65,5,37,1,14,10,42,5,27,2,8,14,34,5,23,2,12,11,1,1,1,1,1,1,"24,699",50,"22,018",50,37.5,32.5,"25,301","41,667","24,771",50,25,35,2.81,3.06,3.25,2.71,2.98,2.93,4.43,4.2,4.2,3.87,3.83,3.33,4
100,2014,SANTA MARIA,3002,GEOGRAFIA (LICENCIATURA),CCNE,3.23,3.15,2.69,4.67,4.34,5,1.34,2.21,2.7,3.23,200,38,13,131,19,4,2,37,6,25,2,12,16,127,12,69,3,29,32,181,12,113,3,32,45,1,1,1,1,1,1,14,1,14,1,1,10,49,8,28,3,15,13,51,5,34,1,13,20,70,12,40,4,21,22,84,10,53,3,21,25,18.5,"46,154","19,084",50,"31,579",29.63,25.5,"38,462","25,954",25,"34,211","37,037",2.72,2.87,3.15,2.73,3.05,3.16,4.16,4.15,4.15,3.73,3.57,3.28,4
36,2011,SANTA MARIA,702,MATEMÁTICA (LICENCIATURA),CCNE,3.67,3.96,4.1,4.62,3.04,5,1.23,2.32,1.66,3.65,313,53,25,182,23,5,2,25,6,20,3,9,12,264,25,135,5,52,59,303,25,174,5,53,69,1,1,1,1,1,1,45,3,39,3,8,28,18,6,14,2,7,9,17,5,15,3,6,9,68,8,48,3,19,34,1,1,1,1,1,1,"7,987",24,"10,989",60,"16,981","16,667","5,431",20,"8,242",60,"11,321",12.5,2.62,3.09,3.24,2.67,3.2,3.68,4.85,4.21,4.21,4.85,4.21,4.21,4
86,2014,SANTA MARIA,702,MATEMÁTICA (LICENCIATURA),CCNE,2.99,2.82,2.76,4.86,3.7,5,0,1.96,2.9,2.99,328,65,28,193,31,8,2,73,8,51,3,23,27,283,27,152,7,57,68,327,28,192,8,65,80,1,1,1,1,1,1,36,3,31,3,8,19,81,9,55,2,24,22,64,8,48,2,23,23,55,10,26,3,12,13,153,23,70,6,40,24,"22,256","28,571","26,425",37.5,"35,385",33.75,"19,512","28,571",24.87,25,"35,385",28.75,2.55,2.72,2.73,2.58,2.77,2.71,4.63,4.15,4.15,4.63,4.01,3.26,4
40,2011,SANTA MARIA,1501,QUÍMICA (BACHARELADO),CCNE,3.2,2.91,2.85,4.48,4.05,5,0.17,3.89,1.66,3.15,79,24,11,43,12,3,2,18,3,17,2,7,12,41,9,10,1,16,5,78,11,42,3,23,32,1,1,1,1,1,1,21,3,21,3,8,14,23,3,20,1,8,14,19,3,18,2,6,14,26,4,20,2,9,11,1,1,1,1,1,1,"22,785","27,273","39,535","66,667","29,167","36,364","24,051","27,273",41.86,"66,667",25,"42,424",2.64,2.88,2.87,2.97,3.07,3.16,4.36,4.34,3.47,4.36,4.34,3.33,4
92,2014,SANTA MARIA,1501,QUÍMICA (BACHARELADO),CCNE,3.38,3.68,3.1,3.76,4.04,5,2.04,1.61,2.52,3.38,94,27,13,53,14,4,2,7,1,6,1,2,3,74,12,34,3,21,24,64,9,27,2,18,17,1,1,1,1,1,1,31,3,30,3,7,25,4,1,3,1,2,2,5,1,4,1,1,3,55,8,37,3,17,26,62,10,31,3,17,25,"7,447",0,"11,321",0,"7,407","7,692","5,319","7,692","7,547",25,"3,704","7,692",2.58,2.66,2.55,2.82,2.96,3.07,4.38,3.41,3.38,4.22,3.41,3.38,4
41,2011,SANTA MARIA,1502,QUÍMICA (LICENCIATURA),CCNE,3.04,2.79,2.41,4.49,3.89,5,1.7,2.95,2.2,3.03,157,22,11,104,13,5,2,60,10,48,4,15,30,115,10,62,4,18,29,135,10,82,4,20,35,1,1,1,1,1,1,24,3,23,3,5,16,75,9,56,3,15,25,58,9,48,3,14,27,53,7,38,4,14,26,1,1,1,1,1,1,"38,217","90,909","46,154",80,"68,182","65,217","36,943","81,818","46,154",60,"63,636","58,696",2.74,3.19,3.32,2.83,3.2,3.16,4.59,4.07,3.82,4.59,4.07,3.82,4
93,2014,SANTA MARIA,1502,QUÍMICA (LICENCIATURA),CCNE,3.3,3.52,2.62,4.63,3.78,5,2.23,2.79,3.29,3.3,180,30,15,126,18,6,2,34,6,30,4,12,22,72,9,30,3,15,15,130,10,84,4,19,36,1,1,1,1,1,1,40,5,37,4,10,27,66,6,58,4,12,33,21,3,18,2,7,16,67,8,40,3,16,26,60,8,37,4,13,19,"18,889",40,23.81,"66,667",40,"36,667","11,667",20,"14,286","33,333","23,333","26,667",2.76,2.96,2.91,2.86,3.17,3.18,4.34,4.34,3.99,4.34,4.34,3.99,4
3,2007,SANTA MARIA,17,AGRONOMIA,CCR,3.56,4.31,2.89,0,3.43,5,1.77,2.27,1.97,3.06,101,25,8,61,15,3,3,12,2,11,2,5,4,54,7,18,2,16,9,63,6,28,2,19,12,1,1,1,1,1,1,29,3,28,3,10,16,33,3,24,1,10,9,5,2,5,2,3,2,1,1,1,1,1,1,1,1,1,1,1,1,"11,881",25,"18,033","66,667",20,"12,903",4.95,25,"8,197","66,667",12,"6,452",2.62,2.87,2.84,2.8,3.16,3.28,4,3.97,3.74,4,3.97,3.74,4
25,2010,SANTA MARIA,17,AGRONOMIA,CCR,3.46,3.83,2.87,4.51,3.81,5,1.03,2.88,1.77,3.32,143,37,12,83,20,5,3,35,6,33,5,14,22,89,10,32,4,31,13,134,12,76,5,36,40,2,2,2,2,2,2,32,5,31,5,13,20,79,11,50,5,25,27,24,5,24,5,11,16,55,7,43,5,18,29,2,2,2,2,2,2,"24,476",50,"39,759",100,"37,838",50,"16,783","41,667","28,916",100,29.73,"36,364",2.79,3.06,3.2,3.07,3.47,3.92,4.55,4.37,4.37,4.55,4.37,4.37,4
73,2013,SANTA MARIA,17,AGRONOMIA,CCR,3.67,3.69,3.73,4.71,3.99,5,1.2,2.71,3.04,3.67,162,42,16,92,19,5,3,19,3,17,3,11,8,97,13,30,2,30,11,152,15,82,4,41,41,2,2,2,2,2,2,34,5,32,5,10,22,18,3,15,2,12,7,10,1,10,1,6,6,44,5,31,4,11,20,71,10,35,3,26,11,"11,728",18.75,"18,478",60,26.19,16,"6,173",6.25,10.87,20,"14,286",12,2.92,3.19,3.17,3.09,3.5,3.56,4.03,3.99,3.86,4.03,3.99,3.86,4
58,2011,SANTA MARIA,6405,ENGENHARIA FLORESTAL,CCR,2.07,1.24,1.24,4.17,3.59,5,0,2.1,0.84,2.03,40,9,3,33,7,3,3,35,3,31,3,8,23,27,2,20,2,8,13,40,3,33,3,9,23,2,2,2,2,2,2,15,3,15,3,5,13,39,3,33,3,9,23,39,3,33,3,9,23,22,3,19,3,6,15,2,2,2,2,2,2,87.5,100,"93,939",100,"88,889",100,97.5,100,100,100,100,100,2.85,2.83,3.01,2.98,3.06,3.01,4.47,3.69,3.69,4.47,3.69,3.69,3
116,2014,SANTA MARIA,6405,ENGENHARIA FLORESTAL,CCR,2.81,3.18,1.57,4.44,4.03,5,1.76,2.72,2.06,2.81,43,11,3,36,9,3,3,17,3,14,3,8,11,17,3,11,3,9,6,39,3,33,3,11,24,2,2,2,2,2,2,17,3,16,3,4,15,28,3,25,3,10,18,12,2,12,2,6,9,20,2,17,2,5,15,23,3,18,3,11,12,"39,535",100,"38,889",100,"72,727","40,741","27,907","66,667","33,333","66,667","54,545","33,333",2.69,3.15,3.06,2.74,3.21,3.06,4.34,4.34,3.3,4.34,4.34,3.3,3
1,2007,SANTA MARIA,5,MEDICINA VETERINÁRIA,CCR,2.92,3.28,2,0,3.66,5,1.94,2.26,2.06,2.59,101,24,9,36,10,3,3,21,2,17,2,5,12,70,7,11,2,14,8,56,6,5,1,12,4,1,1,1,1,1,1,12,2,12,2,3,6,73,5,28,2,16,17,16,2,15,2,5,11,1,1,1,1,1,1,1,1,1,1,1,1,"20,792","22,222","47,222","66,667","20,833","52,174","15,842","22,222","41,667","66,667","20,833","47,826",2.42,2.33,2.26,2.97,2.92,3.19,4.11,4.11,4.11,4.11,4.11,4.11,3
22,2010,SANTA MARIA,5,MEDICINA VETERINÁRIA,CCR,3.79,3.76,4.17,4.42,3.95,5,0.71,3.28,1.74,3.77,127,27,8,43,12,3,3,11,2,11,2,5,6,85,6,10,2,18,5,118,7,34,2,24,21,1,1,1,1,1,1,19,1,18,1,5,11,18,2,10,2,7,6,13,2,12,2,5,7,42,2,21,2,6,15,1,1,1,1,1,1,"8,661",25,"25,581","66,667","18,519","21,429","10,236",25,"27,907","66,667","18,519",25,2.74,2.81,2.87,3.39,3.39,3.79,4.49,4.17,4.17,4.49,4.17,4.17,4
69,2013,SANTA MARIA,5,MEDICINA VETERINÁRIA,CCR,3.32,3.77,2.55,4.18,4.06,5,2.19,2.56,3.23,3.32,143,33,10,47,13,4,3,30,3,16,3,11,11,91,8,11,2,21,7,104,8,20,2,27,10,1,1,1,1,1,1,24,3,24,3,7,18,57,5,19,3,18,13,24,3,19,3,9,12,67,7,34,4,17,25,55,5,9,2,16,6,"20,979",30,"34,043",75,"33,333","35,484","16,783",30,"40,426",75,"27,273",38.71,2.8,2.97,2.84,3.05,3.19,3.35,4.17,4.06,3.76,4.04,3.79,3.76,4
8,2007,SANTA MARIA,51,ZOOTECNIA,CCR,2.68,3.33,1.88,0,2.33,5,0.83,2.74,1.6,2.29,48,8,1,34,7,1,3,23,1,21,1,6,9,23,1,10,1,4,2,43,1,30,1,7,14,1,1,1,1,1,1,25,1,23,1,5,13,33,1,26,1,7,10,15,1,14,1,4,6,1,1,1,1,1,1,1,1,1,1,1,1,"47,917",0,"61,765",0,75,56.25,31.25,100,"41,176",100,50,37.5,2.64,3.04,2.68,2.9,3.2,2.68,4.42,4.2,2.68,4.42,4.2,2.68,3
34,2010,SANTA MARIA,51,ZOOTECNIA,CCR,3.43,3.48,3.19,4.64,3.61,5,1.21,3.86,2.27,3.42,66,12,3,55,11,3,3,16,3,16,3,7,9,21,2,12,2,5,8,50,3,39,3,9,23,2,2,2,2,2,2,23,3,22,3,8,13,33,2,28,2,10,17,14,2,14,2,6,10,29,3,25,3,8,14,2,2,2,2,2,2,"24,242",100,"29,091",100,"58,333","26,471","21,212","66,667","25,455","66,667",50,"29,412",2.83,3.27,3.58,2.95,3.42,3.58,4.06,4.06,3.75,4.06,4.06,3.75,4
81,2013,SANTA MARIA,51,ZOOTECNIA,CCR,2.86,2.53,2.08,4.47,3.82,5,1.61,2.91,3.04,2.86,69,13,4,59,13,4,3,40,2,38,2,11,24,17,1,11,1,3,7,53,2,47,2,10,29,2,2,2,2,2,2,27,4,26,4,7,20,47,2,43,2,11,27,45,3,43,3,12,29,29,3,25,3,6,17,35,1,31,1,7,20,"57,971",50,"64,407",50,"84,615",60,"65,217",75,"72,881",75,"92,308",72.5,2.96,3.28,2.86,3.06,3.28,2.86,4.25,3.94,3.21,4.25,3.94,3.21,3
5,2007,SANTA MARIA,23,ENFERMAGEM,CCS,3.51,4.44,2.86,0,2.99,5,1.43,1.84,1.59,2.95,332,72,25,74,19,4,4,22,2,22,2,7,12,281,24,42,3,65,17,309,25,61,4,70,25,1,1,1,1,1,1,41,4,30,3,8,19,128,13,49,3,39,23,6,1,6,1,3,2,1,1,1,1,1,1,1,1,1,1,1,1,"6,627",8,29.73,50,"9,722",37.5,"1,807",4,"8,108",25,"4,167",6.25,2.31,2.48,2.62,3,3.03,3.45,4.75,4.25,3.83,4.75,4.25,3.83,4
28,2010,SANTA MARIA,23,ENFERMAGEM,CCS,3.65,3.66,3.43,3.66,4.11,5,2.24,2.99,2.54,3.58,496,90,33,104,21,6,4,23,2,16,2,4,13,392,29,35,4,79,13,398,30,54,4,78,24,2,2,2,2,2,2,28,3,21,2,7,16,138,9,51,3,22,25,49,3,41,3,5,25,168,21,54,6,46,34,2,2,2,2,2,2,"4,637","6,061","15,385","33,333","4,444","26,531","9,879","9,091","39,423",50,"5,556",51.02,2.47,2.47,2.59,2.93,3.09,3.48,4.67,3.85,3.66,4.67,3.85,3.66,4
75,2013,SANTA MARIA,23,ENFERMAGEM,CCS,3.12,3.16,2.74,3.97,3.85,5,1.81,1.64,2.58,3.12,463,79,27,97,19,7,4,108,7,40,3,24,26,419,25,57,5,73,35,417,24,60,4,72,31,2,2,2,2,2,2,28,3,24,3,8,17,193,16,62,4,48,34,92,6,61,4,16,36,166,21,46,7,43,31,340,22,61,6,66,37,"23,326","25,926","41,237","42,857",30.38,"46,429",19.87,"22,222","62,887","57,143","20,253","64,286",2.71,2.94,3.01,3,3.25,3.27,4.68,4.68,3.91,4.68,4.68,3.91,4
4,2007,SANTA MARIA,19,FARMÁCIA,CCS,3.04,3.64,2.28,0,3.76,5,0.88,1.18,1,2.61,190,46,17,40,11,2,4,28,3,20,2,9,11,171,17,24,2,43,13,178,17,31,2,45,16,1,1,1,1,1,1,14,2,14,2,4,11,132,13,31,2,35,19,18,1,16,1,6,8,1,1,1,1,1,1,1,1,1,1,1,1,"14,737","17,647",50,100,"19,565",44,"9,474","5,882",40,50,"13,043",32,2.32,2.52,2.5,3.01,3.22,3.1,4.32,4.32,3.17,4.32,4.32,3.16,4
27,2010,SANTA MARIA,19,FARMÁCIA,CCS,3.61,4.19,3.8,4.27,3.78,5,0.36,0.9,0.58,3.52,255,57,19,49,15,3,4,18,3,16,3,8,11,238,19,33,3,57,15,248,19,42,3,54,23,1,1,1,1,1,1,19,3,16,3,6,12,49,5,13,2,14,5,14,1,13,1,5,9,81,12,24,3,30,16,1,1,1,1,1,1,"7,059","15,789","32,653",100,"14,035","39,286",5.49,"5,263","26,531","33,333","8,772","32,143",2.56,2.78,3,3.08,3.25,3.76,4.1,4.03,4.01,4.1,4.03,4.01,4
74,2013,SANTA MARIA,19,FARMÁCIA,CCS,3.2,3.1,2.61,4.59,4.2,5,1.72,2.16,3.36,3.2,263,56,20,52,12,3,4,66,9,24,2,18,17,216,19,16,2,48,8,230,19,27,2,50,16,1,1,1,1,1,1,16,3,15,3,4,13,116,15,27,2,35,19,64,5,35,2,13,26,78,14,24,3,28,17,126,12,11,1,30,5,"25,095",45,"46,154","66,667","32,143","48,571","24,335",25,"67,308","66,667","23,214","74,286",2.74,2.9,3.08,3.04,3.1,3.25,4.1,3.98,3.95,4.1,3.98,3.5,4
32,2010,SANTA MARIA,36,FISIOTERAPIA,CCS,3.42,3.75,3.68,3.86,3.91,5,0.57,0.05,0.36,3.34,351,59,22,41,10,1,4,24,3,12,1,6,7,345,22,35,1,58,12,343,22,36,1,57,13,1,1,1,1,1,1,16,2,11,1,3,8,72,8,14,1,15,6,24,1,19,1,4,9,95,13,24,1,28,11,1,1,1,1,1,1,"6,838","13,636","29,268",0,"10,169",50,"6,838","4,545","46,341",100,6.78,"64,286",2.39,2.52,2.66,2.94,2.76,3.42,4.43,3.69,3.67,4.43,3.64,3.42,4
79,2013,SANTA MARIA,36,FISIOTERAPIA,CCS,3.62,4.48,3.78,4.24,3.39,5,0.94,1.51,2.31,3.62,316,61,27,38,9,4,4,41,4,15,3,11,10,301,26,30,3,59,15,306,25,34,3,58,19,1,1,1,1,1,1,32,5,18,4,6,14,39,7,6,3,16,4,6,3,6,3,3,5,95,20,20,4,33,14,265,24,32,4,52,18,"12,975","14,815","39,474",75,"18,033","47,619","1,899","11,111","15,789",75,"4,918",23.81,2.87,3.03,3.18,3.29,3.47,3.83,4.27,4.27,4.27,4.27,4.27,4.27,4
6,2007,SANTA MARIA,27,FONOAUDIOLOGIA,CCS,4.09,4.93,0,0,2.41,5,0,0,0,1.72,56,12,5,10,2,1,4,4,1,3,1,2,3,54,5,8,1,12,5,52,5,8,1,12,5,1,1,1,1,1,1,10,1,6,1,2,5,1,1,1,1,1,1,1,1,1,1,1,1,1,1,1,1,1,1,1,1,1,1,1,1,"7,143",0,30,0,"16,667",50,"1,786",20,10,100,"8,333","16,667",2.84,3.24,3.08,3.02,3.79,4.09,4.33,4.17,4.09,4.33,4.09,4.09,4
30,2010,SANTA MARIA,27,FONOAUDIOLOGIA,CCS,3.59,3.83,0,4.31,3.5,5,2.38,2.47,2.42,2.35,49,10,6,13,3,2,4,5,2,4,2,3,4,43,6,8,2,10,4,40,6,7,2,10,4,1,1,1,1,1,1,9,2,7,2,2,5,1,1,1,1,1,1,7,2,7,2,3,4,14,4,7,2,7,4,1,1,1,1,1,1,"10,204","33,333","30,769",100,30,50,"14,286","33,333","53,846",100,30,50,2.57,3.09,2.96,3.34,3.65,3.81,4.04,4.04,4.04,4.04,4.04,4.04,4
77,2013,SANTA MARIA,27,FONOAUDIOLOGIA,CCS,1.59,1.34,0,4.5,3.6,5,0,0.5,1.72,1.59,54,13,7,18,5,3,4,48,7,17,3,13,12,53,7,17,3,13,12,54,7,18,3,13,13,1,1,1,1,1,1,13,2,10,2,2,8,53,7,17,3,13,12,44,6,17,3,12,12,18,2,10,2,4,7,39,6,12,3,10,10,"88,889",100,"94,444",100,100,"92,308","81,481","85,714","94,444",100,"92,308","92,308",2.75,3.02,2.88,3,3.27,3.18,4.17,4.14,4.14,4.17,4.14,4.14,2
2,2007,SANTA MARIA,12,MEDICINA,CCS,3.72,4.38,4.14,0,1.43,5,1.33,2.96,1.98,3.21,101,22,10,49,13,5,4,7,3,7,3,3,5,66,8,21,3,17,10,70,9,26,4,16,13,1,1,1,1,1,1,54,7,35,5,12,23,17,3,13,2,4,10,1,1,1,1,1,1,1,1,1,1,1,1,1,1,1,1,1,1,"6,931",30,"14,286",60,"13,636","16,667",0.99,10,"2,041",20,"4,545","3,333",2.44,2.67,3.02,2.7,2.69,3.48,4.03,4.01,4.01,4.03,4.01,4.01,4
24,2010,SANTA MARIA,12,MEDICINA,CCS,3.03,4.11,3.88,3.29,2.02,5,0.82,2.23,1.38,3.31,141,26,10,67,14,5,4,34,4,28,3,10,17,112,10,38,5,24,16,123,10,49,5,24,23,1,1,1,1,1,1,51,5,37,4,9,27,12,1,10,1,3,8,22,3,18,2,7,10,56,7,35,4,13,23,1,1,1,1,1,1,"24,113",40,"41,791",60,"38,462","44,737","15,603",30,"26,866",40,"26,923","26,316",2.51,2.68,2.96,2.8,2.77,3.14,3.64,3.64,3.55,3.64,3.64,3.55,4
71,2013,SANTA MARIA,12,MEDICINA,CCS,2.41,3.17,1.77,3.44,2.32,5,1.04,1.51,0.87,2.41,154,28,11,59,12,5,4,86,8,33,3,19,20,144,11,49,5,28,30,146,10,52,4,26,32,1,1,1,1,1,1,56,5,38,4,9,29,84,6,30,2,18,16,50,6,33,3,13,21,69,6,37,5,12,27,147,11,57,5,28,39,"55,844","72,727","55,932",60,"67,857","51,282","32,468","54,545","55,932",60,"46,429","53,846",2.51,2.6,2.64,2.61,2.57,2.37,3.81,3.58,3.32,3.72,3.54,3.1,3
23,2010,SANTA MARIA,6,ODONTOLOGIA,CCS,3.48,4.02,3.92,3.79,2.89,5,0.91,0.87,0.89,3.4,167,31,10,51,11,3,4,22,4,16,3,7,8,156,10,41,3,29,20,157,10,42,3,30,22,1,1,1,1,1,1,40,4,29,3,9,19,21,2,9,1,5,3,9,2,5,2,3,4,85,6,34,3,20,21,1,1,1,1,1,1,"13,174",40,"31,373",100,"22,581","28,571","5,389",20,"9,804","66,667","9,677","14,286",2.65,2.87,3.1,3.13,3.37,3.61,4.19,3.88,3.82,4.01,3.88,3.82,4
70,2013,SANTA MARIA,6,ODONTOLOGIA,CCS,3.45,4.06,3.33,3.94,3.62,5,1.38,1.96,2.19,3.45,173,32,10,51,11,3,4,18,2,8,2,4,5,150,9,28,2,29,11,157,9,35,2,28,17,1,1,1,1,1,1,34,3,26,3,7,18,18,1,8,1,4,6,9,1,5,1,1,5,94,6,36,3,19,25,138,9,37,2,29,19,"10,405",20,"15,686","66,667",12.5,"17,241","5,202",10,"9,804","33,333","3,125","17,241",2.76,2.9,2.98,3.01,3.18,3.43,4.68,3.8,3.8,3.98,3.8,3.8,4
9,2009,SANTA MARIA,1,ADMINISTRAÇÃO,CCSH,4.22,4.43,3.96,4.57,5,5,1.91,2.44,2.12,4.06,1344,296,93,147,36,5,5,14,2,11,2,6,7,1114,87,75,4,267,27,1095,86,76,4,258,26,1,1,1,1,1,1,1,1,1,1,1,1,188,22,26,3,46,14,42,4,30,4,10,17,60,9,18,2,16,10,1,1,1,1,1,1,"1,042","2,151","7,483",40,"2,027","13,725","3,125","4,301","20,408",80,"3,378","33,333",2.17,2.34,2.56,2.75,2.89,3.81,4.74,4.45,4.45,4.62,4.45,4.45,5
61,2012,SANTA MARIA,1,ADMINISTRAÇÃO,CCSH,3.81,4.49,3.35,4.24,4.18,5,2.19,3.42,2.68,3.79,1366,306,100,174,44,7,5,48,6,13,3,11,8,984,80,59,2,243,17,1101,95,99,6,264,37,2,2,2,2,2,2,62,3,20,2,10,14,177,25,25,3,52,11,28,3,11,2,4,7,307,43,54,6,77,38,2,2,2,2,2,2,"3,514",6,"7,471","42,857","3,595","11,765",2.05,3,"6,322","28,571","1,307","10,294",2.53,2.63,2.8,2.7,2.95,3.54,4.95,4.31,4.31,4.36,4.31,4.31,4
21,2009,SANTA MARIA,65,ARQUIVOLOGIA,CCSH,4.05,4.44,0,2.98,2.41,5,5,5,5,2.6,8,3,2,8,3,2,5,1,1,1,1,1,1,1,1,1,1,1,1,1,1,1,1,1,1,1,1,1,1,1,1,6,2,6,2,3,4,1,1,1,1,1,1,2,2,2,2,2,2,5,2,5,2,2,4,1,1,1,1,1,1,0,0,0,0,0,0,25,100,25,100,"66,667","33,333",3.32,3.79,4.01,3.32,3.79,4.01,4.05,4.05,4.05,4.05,4.05,4.05,5
17,2009,SANTA MARIA,22,CIÊNCIAS CONTÁBEIS,CCSH,3.39,4.66,3.67,3.69,1.11,5,2.62,1.71,2.26,3.37,666,155,51,103,29,3,5,28,3,18,2,9,13,600,51,65,3,147,26,341,44,26,2,108,10,1,1,1,1,1,1,202,25,45,2,55,30,142,16,27,3,41,12,7,1,4,1,2,4,87,16,22,1,31,14,1,1,1,1,1,1,"4,204","5,882","17,476","66,667","5,806","33,333","1,051","1,961","3,883","33,333",1.29,"10,256",2.18,2.42,2.59,2.58,2.84,3.58,4.57,4.13,4.12,4.57,4.13,4.12,4
64,2012,SANTA MARIA,22,CIÊNCIAS CONTÁBEIS,CCSH,3.56,4.31,3.6,4.29,2.33,5,3.44,1.71,2.75,3.58,771,182,60,114,36,3,5,49,5,12,1,16,5,711,60,85,3,180,31,301,33,22,1,96,6,1,1,1,1,1,1,152,8,29,2,32,19,74,10,11,1,30,2,12,1,4,1,5,1,109,17,24,2,31,17,1,1,1,1,1,1,"6,355","8,333","10,526",0,"8,791","11,364","1,556","1,667","3,509","33,333","2,747","2,273",2.55,2.79,2.82,2.61,3.1,3.16,4.26,4.24,3.76,4.24,4.24,3.56,4
15,2009,SANTA MARIA,13,CIÊNCIAS ECONÔMICAS,CCSH,2.71,2.93,2.46,3.78,2.21,5,1.65,2.23,1.88,2.72,156,40,17,70,18,4,5,51,5,30,3,13,21,107,14,32,3,31,16,125,15,49,4,34,24,1,1,1,1,1,1,43,6,29,3,11,24,101,14,43,4,27,22,45,6,25,3,12,18,64,10,29,1,19,19,1,1,1,1,1,1,"32,692","29,412","42,857",75,32.5,60,"28,846","35,294","35,714",75,30,"51,429",2.41,2.42,2.52,2.54,2.63,2.95,4.43,3.75,3.75,4.34,3.75,3.75,3
63,2012,SANTA MARIA,13,CIÊNCIAS ECONÔMICAS,CCSH,2.67,2.37,2.51,4.15,2.69,5,2.08,0.99,1.65,2.69,153,39,15,76,19,4,5,78,11,35,3,26,24,141,15,64,4,39,35,101,13,38,3,27,20,1,1,1,1,1,1,40,3,29,3,9,23,89,11,41,3,27,20,57,7,27,3,16,20,74,8,37,3,18,27,1,1,1,1,1,1,50.98,"73,333","46,053",75,"66,667","58,537","37,255","46,667","35,526",75,"41,026",48.78,2.73,2.86,2.85,2.67,2.87,2.85,4.86,3.95,3.61,4.55,3.95,3.61,3
53,2011,SANTA MARIA,5401,CIÊNCIAS SOCIAIS (BACHARELADO),CCSH,2.9,2.91,2.08,3.87,3.83,5,1.98,2.73,2.28,2.89,45,5,4,36,4,3,5,25,4,19,3,5,15,19,2,10,1,3,6,27,3,18,2,4,14,1,1,1,1,1,1,19,2,16,2,2,12,31,4,24,3,5,19,27,4,20,3,5,16,28,2,21,1,3,16,1,1,1,1,1,1,"55,556",100,"52,778",100,100,"53,571",60,100,"55,556",100,100,"57,143",2.92,3.35,3.37,2.85,3.14,3.1,4.51,4.2,4.2,4.26,3.28,3.28,3
11,2009,SANTA MARIA,8,COMUNICAÇÃO SOCIAL,CCSH,3.35,4.6,2.34,3.57,3.46,5,1.06,0.63,0.89,3.03,623,122,49,100,22,7,5,39,19,18,6,21,17,573,44,72,5,115,39,573,42,81,3,110,44,3,3,3,3,3,3,53,8,44,5,12,38,439,49,71,7,112,38,13,4,10,3,4,9,197,42,64,7,61,40,3,3,3,3,3,3,6.26,"38,776",18,"85,714","17,213","27,869","2,087","8,163",10,"42,857","3,279","14,754",2.36,2.72,3.21,2.67,2.86,3.69,4.61,4.42,4.42,4.61,4.42,4.42,4
12,2009,SANTA MARIA,8,COMUNICAÇÃO SOCIAL,CCSH,3.91,4.96,4.42,3.75,3.32,5,1.03,1.15,1.08,3.85,623,122,49,100,22,7,5,7,2,7,2,2,7,533,43,43,4,109,17,576,43,82,4,111,45,2,2,2,2,2,2,68,12,50,6,16,42,177,19,37,3,45,20,4,1,4,1,1,4,150,37,53,6,53,33,2,2,2,2,2,2,"1,124","4,082",7,"28,571","1,639","11,475",0.642,"2,041",4,"14,286",0.82,"6,557",2.36,2.72,3.21,2.67,2.86,3.69,4.61,4.42,4.42,4.61,4.42,4.42,4
14,2009,SANTA MARIA,8,COMUNICAÇÃO SOCIAL,CCSH,3.57,4.56,2.57,3.93,4.21,5,1,2,1.4,3.32,623,122,49,100,22,7,5,23,11,15,5,12,15,484,39,22,1,101,3,579,44,83,5,112,46,4,4,4,4,4,4,30,4,29,4,5,25,385,46,63,6,101,36,15,5,12,4,6,11,123,32,50,5,45,31,4,4,4,4,4,4,"3,692","22,449",15,"71,429","9,836",24.59,"2,408","10,204",12,"57,143","4,918","18,033",2.36,2.72,3.21,2.67,2.86,3.69,4.61,4.42,4.42,4.61,4.42,4.42,4
10,2009,SANTA MARIA,2,DIREITO,CCSH,3.74,4.89,3.98,3.66,3.03,5,0.84,0.21,0.59,3.56,742,164,58,93,16,4,5,13,2,6,2,2,6,720,58,76,4,163,34,712,56,69,2,160,27,1,1,1,1,1,1,81,5,29,3,13,24,80,5,13,2,15,5,2,1,2,1,1,2,164,30,26,1,51,14,1,1,1,1,1,1,"1,752","3,448","6,452",50,1.22,"13,333",0.27,"1,724","2,151",25,0.61,"4,444",2.27,2.41,2.5,2.72,3.06,3.68,4.05,4.05,4.05,4.05,4.05,4.05,4
62,2012,SANTA MARIA,2,DIREITO,CCSH,3.82,4.74,3.93,4.55,4.23,5,1.47,0.44,1.06,3.83,853,196,70,107,23,4,5,19,1,4,1,5,2,826,70,81,4,195,29,796,70,71,4,190,23,1,1,1,1,1,1,22,2,14,2,5,11,44,1,9,1,8,4,11,1,9,1,4,6,122,26,14,1,38,8,1,1,1,1,1,1,"2,227",0,"3,738",0,"2,551","4,545",1.29,"1,429","8,411",25,"2,041","13,636",2.62,2.73,2.81,2.62,3.09,3.41,4.18,4.08,3.82,4.15,4.08,3.82,4
101,2014,SANTA MARIA,3201,FILOSOFIA (BACHARELADO),CCSH,4.43,4.21,5,5,4.71,5,2.42,3.14,1.85,4.43,58,15,10,30,5,3,5,1,1,1,1,1,1,28,8,4,1,10,4,45,10,20,3,13,19,1,1,1,1,1,1,12,3,8,1,3,8,1,1,1,1,1,1,5,2,4,1,3,4,1,1,1,1,1,1,49,10,23,3,14,21,0,0,0,0,0,0,"8,621",20,"13,333","33,333",20,"14,815",3.03,3.3,3.31,3.11,3.98,3.92,4.43,4.43,4.43,4.43,4.43,4.43,5
49,2011,SANTA MARIA,3202,FILOSOFIA (LICENCIATURA),CCSH,3.38,2.86,2.93,4.63,3.89,5,1.7,4.58,2.85,3.33,98,23,9,42,11,3,5,21,4,8,2,8,6,37,3,3,1,7,2,88,8,34,3,20,21,1,1,1,1,1,1,15,3,10,2,6,6,44,4,21,2,14,9,38,5,19,3,12,12,34,5,18,2,13,10,1,1,1,1,1,1,"21,429","44,444","19,048","66,667","34,783",25,"38,776","55,556","45,238",100,"52,174",50,2.9,3.15,3.24,2.77,3.18,3.34,4.87,4.11,3.64,4.11,4.11,3.49,4
102,2014,SANTA MARIA,3202,FILOSOFIA (LICENCIATURA),CCSH,3.6,4.46,2.92,4.47,4.21,5,1.65,3.22,2.49,3.6,109,27,12,54,13,4,5,13,4,8,2,7,6,53,8,9,1,15,7,94,10,41,3,22,30,1,1,1,1,1,1,20,3,16,3,5,13,27,5,11,2,12,7,4,1,3,1,2,3,63,9,33,3,20,24,39,9,11,3,12,9,"11,927","33,333","14,815",50,"25,926","15,789",3.67,"8,333","5,556",25,"7,407","7,895",2.76,3.12,3.2,2.78,3.29,3.38,4.37,4.37,4,4.37,4.37,3.74,4
45,2011,SANTA MARIA,2402,HISTÓRIA (LICENCIATURA),CCSH,2.06,1.7,0.31,4.5,3.48,5,1.89,3.12,2.38,2.04,265,48,21,131,19,4,5,234,21,106,4,46,46,173,19,50,2,43,20,233,20,103,3,44,43,1,1,1,1,1,1,37,5,27,3,11,19,247,21,115,4,46,46,235,21,109,4,44,44,90,13,51,2,25,29,1,1,1,1,1,1,"88,302",100,"80,916",100,"95,833","86,792","88,679",100,"83,206",100,"91,667","83,019",2.83,3.16,3.36,2.66,2.98,2.95,4.49,4.49,4.49,3.97,3.97,3.56,3
98,2014,SANTA MARIA,2402,HISTÓRIA (LICENCIATURA),CCSH,3.4,3.91,3.14,4.8,3.6,5,1.23,2.24,1.77,3.4,287,58,25,141,24,6,5,27,6,13,2,10,10,226,22,85,4,47,36,275,24,131,5,57,54,1,1,1,1,1,1,52,6,44,4,12,32,40,9,18,1,15,6,16,3,13,2,6,9,80,12,37,3,22,21,230,23,106,5,51,44,"9,408",24,9.22,"33,333","17,241","16,667","5,575",12,9.22,"33,333","10,345",15,2.73,2.93,3.09,2.69,2.94,3.07,4.24,3.98,3.98,4.08,3.7,3.44,4
66,2012,SANTA MARIA,803,JORNALISMO,CCSH,1.56,0.29,0,4.54,3.93,5,0.83,1.75,1.2,1.54,216,47,18,50,11,4,5,211,18,47,4,47,30,195,17,35,4,45,20,205,18,42,4,45,26,2,2,2,2,2,2,12,2,9,2,4,6,211,18,46,4,46,29,211,18,46,4,46,29,37,7,19,3,12,15,2,2,2,2,2,2,"97,685",100,94,100,100,"90,909","97,685",100,92,100,"97,872","87,879",2.88,3,3.18,2.95,3.13,3.3,4.47,4.26,4.19,4.47,4.26,4.19,2
16,2009,SANTA MARIA,18,PSICOLOGIA,CCSH,3.59,4.43,3.12,3.76,3.73,5,0.83,1.59,1.13,3.36,266,66,26,47,9,2,5,16,3,12,2,6,10,245,26,30,2,65,16,252,26,35,2,65,22,1,1,1,1,1,1,19,2,18,2,4,15,102,16,24,1,34,15,7,1,6,1,1,6,130,19,35,2,39,24,1,1,1,1,1,1,"6,015","11,538","25,532",100,"9,091","32,258","2,632","3,846","12,766",50,"1,515","19,355",2.49,2.66,2.83,2.83,3.08,3.68,4.13,3.78,3.78,4.13,3.78,3.78,4
68,2012,SANTA MARIA,804,PUBLICIDADE E PROPAGANDA,CCSH,3.1,3.05,2.33,4.58,4.17,5,2.17,2.2,2.18,3.1,284,51,19,30,9,3,5,58,12,13,3,19,9,245,18,15,3,45,5,208,18,15,3,45,6,1,1,1,1,1,1,11,2,7,2,4,6,152,16,19,3,36,9,71,11,17,2,23,8,35,6,11,2,9,8,1,1,1,1,1,1,"20,423","63,158","43,333",100,"37,255",56.25,25,"57,895","56,667","66,667","45,098",50,2.61,2.84,3.16,2.92,3.2,3.59,4.45,4.26,4.26,4.26,4.26,4.26,4
44,2011,SANTA MARIA,2001,PEDAGOGIA (LICENCIATURA),CE,3.64,3.43,3.51,4.56,3.55,5,2.37,3.98,3.01,3.62,863,157,49,219,31,5,6,44,8,16,1,12,10,496,42,27,2,115,5,665,45,131,3,129,55,1,1,1,1,1,1,63,5,43,3,12,33,100,11,28,1,21,12,82,9,34,1,19,15,157,19,69,4,46,41,1,1,1,1,1,1,"5,098","16,327","7,306",0,"7,643","13,699","9,502","18,367","15,525",20,"12,102","20,548",2.58,2.78,3.06,2.62,2.9,3.06,4.85,4.29,4.1,4.85,3.94,3.64,4
97,2014,SANTA MARIA,2001,PEDAGOGIA (LICENCIATURA),CE,3.13,3.2,2.94,4.43,3.25,5,0.85,2.92,2.37,3.13,953,175,57,240,39,10,6,164,27,42,7,47,27,630,50,61,5,133,23,932,57,226,10,171,82,1,1,1,1,1,1,109,9,68,6,25,46,200,25,39,5,59,13,189,26,73,8,54,38,325,32,100,6,76,58,729,53,147,9,151,59,"17,209","47,368",17.5,70,"26,857","30,682","19,832","45,614","30,417",80,"30,857","43,182",2.65,2.85,3.07,2.64,3.05,3.18,4.54,4.04,4.04,3.82,3.73,3.58,4
7,2007,SANTA MARIA,35,EDUCAÇÃO FÍSICA,CEFD,3.66,3.95,2.95,0,5,5,1.67,3.92,2.57,3.33,340,82,30,73,18,3,7,11,1,11,1,3,4,115,13,8,2,37,2,290,24,46,2,72,15,1,1,1,1,1,1,1,1,1,1,1,1,146,16,37,2,44,15,13,1,10,1,1,5,1,1,1,1,1,1,1,1,1,1,1,1,"3,235",0,"15,068",0,"3,659","14,286","3,824","3,333","13,699","33,333",1.22,"17,857",2.4,2.59,2.72,2.64,2.82,2.89,4.46,4.09,3.66,4.46,4.09,3.66,4
31,2010,SANTA MARIA,35,EDUCAÇÃO FÍSICA,CEFD,3.87,3.94,4.17,4.56,4.63,5,1.14,2.4,1.64,3.91,195,54,19,33,16,3,7,4,1,3,1,1,2,172,17,20,2,48,6,189,19,31,3,53,14,2,1,1,1,1,1,7,1,6,1,2,4,41,5,7,1,9,4,15,2,8,1,3,5,24,3,10,1,10,5,1,1,1,1,1,1,"2,051",0,"9,091",0,0,12.5,"7,692","10,526","24,242","33,333","5,556",31.25,2.44,2.59,2.8,2.9,2.93,3.43,4.41,3.87,3.87,4.41,3.87,3.87,4
83,2013,SANTA MARIA,3501,EDUCAÇÃO FÍSICA (BACHARELADO),CEFD,3.4,3.76,3.13,5,4.34,5,0.44,1.3,2.07,3.4,258,63,22,37,12,2,7,27,2,3,1,2,2,245,21,26,1,58,15,255,22,34,2,61,19,1,1,1,1,1,1,9,1,8,1,2,5,54,5,6,1,10,3,23,1,8,1,3,5,1,1,1,1,1,1,204,21,27,2,50,18,"10,465","9,091","8,108",0,"3,175","9,524","8,915","4,545","21,622",50,"4,762",23.81,2.64,2.63,2.82,2.66,2.74,3.07,4.57,3.5,3.5,3.84,3.4,3.4,4
50,2011,SANTA MARIA,3501,EDUCAÇÃO FÍSICA (LICENCIATURA),CEFD,1.66,0.43,0,4.75,4.66,5,1,0.87,0.95,1.66,414,96,37,98,19,4,7,387,35,85,3,93,38,398,37,84,4,95,34,404,37,91,4,96,37,1,1,1,1,1,1,12,3,9,3,6,6,402,35,86,2,93,35,403,35,87,2,93,36,24,7,8,1,12,3,1,1,1,1,1,1,"93,478","94,595","86,735",75,"96,875",95,"97,343","94,595","88,776",50,"96,875",90,2.66,2.78,2.8,2.57,2.7,2.11,4.61,4,4,4.37,3.92,3.35,2
103,2014,SANTA MARIA,3502,EDUCAÇÃO FÍSICA (LICENCIATURA),CEFD,2.74,3.4,2,4.85,3.54,5,0,0.77,2,2.74,431,100,38,99,23,5,7,209,22,52,4,50,33,421,38,90,5,98,41,430,38,99,5,100,45,1,1,1,1,1,1,30,3,20,3,5,16,366,32,79,2,87,36,40,5,20,4,7,18,52,4,12,1,10,7,381,38,86,5,94,43,"48,492","57,895","52,525",80,50,"73,333","9,281","13,158","20,202",80,7,40,2.7,2.76,2.88,2.68,2.72,2.85,4.49,3.84,3.8,4.03,3.84,3.5,3
35,2011,SANTA MARIA,21,ARQUITETURA E URBANISMO,CT,2.73,2.59,2.16,3.95,3.39,5,2.5,1.22,1.99,2.75,179,42,20,41,9,3,10,82,14,27,3,28,18,167,20,32,3,42,23,111,18,12,2,35,8,1,1,1,1,1,1,21,3,17,3,5,14,121,15,31,2,32,21,71,11,31,3,24,22,63,10,22,3,15,16,1,1,1,1,1,1,45.81,70,"65,854",100,"66,667","62,069","39,665",55,75.61,100,"57,143","75,862",2.62,2.77,2.78,2.84,3.07,3.09,4.42,3.72,3.72,3.72,3.72,3.72,3
84,2014,SANTA MARIA,21,ARQUITETURA E URBANISMO,CT,3.04,2.88,2.88,4.03,3.44,5,1.46,1.7,2.82,3.04,204,47,20,46,11,3,10,46,4,13,2,9,12,166,18,22,2,42,14,178,18,30,1,42,20,1,1,1,1,1,1,25,3,20,3,5,17,78,7,18,2,20,11,36,3,22,2,8,17,77,11,27,3,16,22,114,15,25,3,32,18,"22,549",20,"28,261","66,667","19,149",37.5,"17,647",15,"47,826","66,667","17,021","53,125",2.63,2.61,2.65,2.81,2.76,2.99,4.36,3.76,3.76,4.36,3.76,3.76,4
51,2011,SANTA MARIA,4004,CIÊNCIA DA COMPUTAÇÃO (BACHARELADO),CT,3.55,3.95,3.68,4.4,3.38,5,2.11,1.39,1.82,3.56,300,59,27,87,16,4,10,24,5,18,4,7,16,282,27,74,4,59,41,216,25,49,4,48,30,1,1,1,1,1,1,36,3,32,3,8,24,26,5,13,4,8,12,10,3,9,3,3,9,104,18,48,4,30,33,1,1,1,1,1,1,8,"18,519",20.69,100,"11,864","33,333","3,333","11,111","10,345",75,"5,085",18.75,2.58,2.73,2.87,2.91,3.23,4.04,4.38,4.36,4.36,4.36,4.36,4.36,4
104,2014,SANTA MARIA,4004,CIÊNCIA DA COMPUTAÇÃO (BACHARELADO),CT,3.28,3.25,2.97,4,3.56,5,2.02,2.76,3.44,3.28,264,54,22,86,18,4,10,55,5,40,2,14,33,178,19,37,3,39,25,223,22,61,4,48,39,1,1,1,1,1,1,39,3,31,3,6,23,53,6,33,1,15,23,50,4,42,3,11,35,143,17,64,4,36,45,105,13,30,3,25,19,"20,833","22,727","46,512",50,"25,926",66,"18,939","18,182","48,837",75,20.37,70,2.6,2.67,2.66,3.01,3.09,3.35,4.47,4.05,3.66,4.09,4.05,3.66,4
115,2014,SANTA MARIA,6307,ENGENHARIA AMBIENTAL,CT,4.42,4.26,5,4.82,3.6,5,3.48,3.69,3.97,4.42,159,31,12,49,10,4,10,1,1,1,1,1,1,46,2,3,1,8,1,37,1,3,1,6,1,2,2,2,2,2,2,27,4,22,4,6,19,1,1,1,1,1,1,3,2,3,2,2,3,29,3,11,1,5,7,27,1,4,1,4,2,0,0,0,0,0,0,"1,887","16,667","6,122",50,"6,452","8,824",2.62,2.92,3.13,3.13,3.53,3.81,4.42,4.42,4.42,4.42,4.42,4.42,5
54,2011,SANTA MARIA,5710,ENGENHARIA CIVIL,CT,2.97,2.71,2.85,3.71,3.04,5,1.59,2.73,2.05,2.96,172,36,13,65,16,4,10,50,6,27,2,16,17,135,13,37,4,34,17,139,11,46,3,31,27,1,1,1,1,1,1,33,2,30,2,5,20,50,7,20,1,17,12,60,7,39,2,16,26,88,9,42,3,20,25,1,1,1,1,1,1,29.07,"46,154","41,538",50,"44,444","47,222","34,884","53,846",60,50,"44,444","72,222",2.61,2.88,2.89,2.84,3.01,2.86,4.49,4.11,3.69,4.49,4.11,3.3,4
108,2014,SANTA MARIA,5710,ENGENHARIA CIVIL,CT,3.53,3.77,3.69,3.8,3.26,5,1.77,2.63,2.98,3.53,239,49,20,74,18,5,10,12,3,11,2,4,8,146,15,26,2,37,14,195,18,45,3,44,25,1,1,1,1,1,1,39,4,31,2,7,23,13,5,8,1,6,5,14,1,14,1,5,7,119,10,45,4,22,31,110,13,32,3,31,19,"5,021",15,"14,865",40,"8,163","17,778","5,858",5,"18,919",20,"10,204","15,556",2.58,2.76,2.75,2.99,3.01,3.01,4.29,3.65,3.65,4.29,3.64,3.64,4
110,2014,SANTA MARIA,5809,ENGENHARIA DE COMPUTAÇÃO,CT,3.01,3.22,2.14,4.23,3.81,5,1.8,2.7,3.23,3.01,102,22,12,32,9,5,10,31,6,21,4,9,15,64,9,14,3,19,10,81,12,24,5,21,14,1,1,1,1,1,1,17,3,14,3,4,10,57,9,26,4,15,18,19,3,15,3,4,10,45,8,16,2,12,10,54,9,18,3,18,13,"30,392",50,"65,625",80,"40,909",75,"18,627",25,"46,875",60,"18,182",50,2.69,2.92,2.93,3.17,3.17,3.14,4.24,4.24,3.58,4.24,4.24,3.58,4
111,2014,SANTA MARIA,5814,ENGENHARIA DE CONTROLE E AUTOMAÇÃO,CT,4.28,4.65,5,3.9,3.54,5,2.44,2.77,3.36,4.28,102,15,7,27,6,4,10,2,1,2,1,1,2,53,4,9,2,12,6,52,4,8,3,10,4,1,1,1,1,1,1,15,2,12,2,3,10,1,1,1,1,1,1,2,1,2,1,1,2,52,6,18,3,11,14,42,3,14,2,10,9,"1,961",0,"7,407",0,0,"14,286","1,961","14,286","7,407",25,"6,667","14,286",2.58,3.04,3.21,3.18,3.52,3.69,4.34,4.28,4.28,4.34,4.28,4.28,5
55,2011,SANTA MARIA,5806,ENGENHARIA ELÉTRICA,CT,3.1,2.76,3.01,4,3.56,5,1.51,2.23,1.8,3.08,118,25,9,45,12,5,10,36,6,22,3,15,14,100,8,30,4,22,17,109,9,39,5,24,23,1,1,1,1,1,1,20,3,16,3,4,11,41,6,17,3,16,11,34,5,26,3,12,20,50,6,28,4,13,19,1,1,1,1,1,1,"30,508","66,667","48,889",60,60,50,"28,814","55,556","57,778",60,48,"71,429",2.7,3.22,3.3,3.04,3.42,3.29,4.29,4.29,4.29,4.29,4.29,4.29,4
109,2014,SANTA MARIA,5806,ENGENHARIA ELÉTRICA,CT,3.23,3.09,3.09,4.09,3.72,5,1.29,2.4,3.16,3.23,204,37,14,67,15,5,10,31,5,22,4,10,15,152,12,32,4,32,17,190,13,57,4,36,35,1,1,1,1,1,1,28,2,22,2,3,16,34,7,22,4,13,15,25,3,21,3,7,14,87,8,33,3,19,22,75,6,18,3,19,11,"15,196","35,714","32,836",80,"27,027","35,714","12,255","21,429","31,343",60,"18,919","33,333",2.58,2.86,2.95,3.01,3.27,3.52,4.35,3.9,3.83,4.35,3.9,3.83,4
56,2011,SANTA MARIA,5902,ENGENHARIA MECÂNICA,CT,3.16,3.21,3.57,3.53,2.8,5,1.72,1.1,1.47,3.17,100,28,14,46,10,3,10,29,5,17,2,13,10,95,14,41,3,26,23,82,13,28,2,24,16,1,1,1,1,1,1,31,4,26,2,7,18,19,5,7,2,8,3,26,2,19,2,8,12,62,8,35,2,17,21,1,1,1,1,1,1,29,"35,714","36,957","66,667","46,429","38,462",26,"14,286","41,304","66,667","28,571","46,154",2.82,3.06,3,2.86,3.29,3.2,4.16,3.65,3.65,4.16,3.65,3.65,4
112,2014,SANTA MARIA,5902,ENGENHARIA MECÂNICA,CT,3.28,3.85,3.32,3.43,2.83,5,1.56,2.09,2.99,3.28,156,36,17,64,15,5,10,15,3,14,2,5,12,125,15,39,3,31,25,131,15,42,3,29,27,1,1,1,1,1,1,48,7,38,4,11,30,13,2,12,2,3,10,9,1,9,1,2,7,81,9,41,3,19,31,65,9,26,3,16,18,"9,615","17,647","21,875",40,"13,889","30,769","5,769","5,882","14,062",20,"5,556","17,949",2.46,2.52,2.51,2.77,2.86,2.91,4.38,4.1,4.1,4.38,4.1,4.1,4
57,2011,SANTA MARIA,6008,ENGENHARIA QUÍMICA,CT,2.86,2.53,2.68,2.92,2.98,5,2.27,2.8,2.49,2.86,56,19,7,31,10,4,10,20,4,16,3,6,13,44,6,19,3,15,12,31,5,10,3,12,5,1,1,1,1,1,1,26,3,24,3,6,20,18,3,13,2,6,10,15,3,14,2,4,11,37,5,25,3,12,19,1,1,1,1,1,1,"35,714","57,143","51,613",75,"31,579","59,091","26,786","42,857","45,161",50,"21,053",50,2.72,2.68,2.81,2.98,2.9,2.98,4.22,4.13,3.85,4.22,4.13,3.85,3
113,2014,SANTA MARIA,6008,ENGENHARIA QUÍMICA,CT,2.88,3.46,2.35,3.43,3,5,1.08,2.77,2.41,2.88,91,24,11,44,13,7,10,26,4,19,3,6,14,55,8,14,4,17,6,71,9,25,5,19,15,1,1,1,1,1,1,43,7,36,6,11,27,31,5,18,3,10,14,12,2,12,2,3,9,65,9,37,6,16,27,60,8,23,4,19,13,"28,571","36,364","43,182","42,857",25,"46,667","13,187","18,182","27,273","28,571",12.5,30,2.6,2.58,2.67,2.86,2.57,2.62,4.23,3.49,3.49,4.23,3.49,3.49,3
105,2014,SANTA MARIA,4006,SISTEMAS DE INFORMAÇÃO,CT,3.46,4.13,3.06,4.14,3.83,5,1.73,2.02,2.59,3.46,418,91,29,72,16,2,10,38,4,13,2,10,10,356,27,51,2,84,29,374,27,58,2,84,28,1,1,1,1,1,1,15,4,10,1,5,9,96,14,24,2,30,13,13,2,8,1,4,7,144,17,29,1,36,23,276,22,52,2,67,26,"9,091","13,793","18,056",100,"10,989","27,027",3.11,"6,897","11,111",50,"4,396","18,919",2.65,2.74,2.91,2.81,2.81,3.55,4.25,3.95,3.8,4.25,3.65,3.65,4
85,2014,SANTA MARIA,79,TECNOLOGIA EM REDES DE COMPUTADORES,CTISM,2.87,3.05,2.88,3.66,1.91,5,1.38,2.98,2.79,2.87,157,22,10,13,1,1,11,61,6,5,1,10,3,105,8,8,1,16,2,139,9,12,1,19,2,1,1,1,1,1,1,85,4,4,1,10,3,44,6,3,1,12,3,28,4,5,1,8,3,70,8,8,1,14,3,94,8,11,1,16,3,"38,854",60,"38,462",0,"45,455",100,"17,834",40,"38,462",100,"36,364",100,2.67,2.77,2.73,2.67,2.87,2.87,4.5,3.53,3.3,3.88,2.87,2.87,3
26,2010,FREDERICO WESTPHALEN,17,AGRONOMIA,FW CESNORS,4.37,4.8,4.8,4.83,4.17,5,2.7,3.49,3.02,4.46,143,37,12,83,20,5,8,2,1,2,1,1,2,64,8,15,2,22,5,62,7,16,2,21,6,1,1,1,1,1,1,22,3,22,3,10,13,18,2,11,1,3,6,2,1,2,1,1,2,25,1,23,1,6,14,1,1,1,1,1,1,"1,399",0,2.41,0,0,"4,545","1,399","8,333",2.41,20,"2,703","4,545",2.79,3.06,3.2,3.07,3.47,3.92,4.55,4.37,4.37,4.55,4.37,4.37,5
72,2013,FREDERICO WESTPHALEN,17,AGRONOMIA,FW CESNORS,3.54,3.22,3.63,4.21,4.02,5,2.13,2.07,2.57,3.54,162,42,16,92,19,5,8,29,4,26,4,13,14,129,15,60,4,40,30,113,13,48,3,31,21,1,1,1,1,1,1,31,4,30,4,8,21,27,6,18,3,17,8,35,5,32,4,15,17,91,11,61,5,26,41,100,12,48,4,32,22,"17,901",25,"28,261",80,"30,952",28,"21,605",31.25,"34,783",80,"35,714",34,2.92,3.19,3.17,3.09,3.5,3.56,4.03,3.99,3.86,4.03,3.99,3.86,4
13,2009,FREDERICO WESTPHALEN,8,COMUNICAÇÃO SOCIAL,FW CESNORS,3.22,4.08,3.03,5,2.04,5,2.61,1.3,2.09,3.25,623,122,49,100,22,7,8,62,27,22,7,31,20,522,42,37,3,106,14,290,37,17,1,77,5,1,1,1,1,1,1,158,25,70,7,35,55,305,37,53,4,81,30,35,13,18,7,17,15,1,1,1,1,1,1,1,1,1,1,1,1,"9,952","55,102",22,100,25.41,"32,787","5,618","26,531",18,100,"13,934",24.59,2.36,2.72,3.21,2.67,2.86,3.69,4.61,4.42,4.42,4.61,4.42,4.42,4
114,2014,FREDERICO WESTPHALEN,6307,ENGENHARIA AMBIENTAL,FW CESNORS,3.15,2.76,3.25,3.37,3.75,5,1.69,1.66,2.19,3.15,159,31,12,49,10,4,8,35,5,26,4,12,21,143,12,39,4,30,28,141,12,38,4,28,28,1,1,1,1,1,1,20,2,18,2,4,15,33,5,18,4,15,14,36,7,28,4,12,23,118,12,42,4,26,32,124,12,44,4,27,31,"22,013","41,667","53,061",100,38.71,"61,765","22,642","58,333","57,143",100,38.71,"67,647",2.62,2.92,3.13,3.13,3.53,3.81,4.42,4.42,4.42,4.42,4.42,4.42,4
59,2011,FREDERICO WESTPHALEN,6405,ENGENHARIA FLORESTAL,FW CESNORS,3.69,3.28,3.28,4.19,4.32,5,3.52,3.75,3.61,3.68,40,9,3,33,7,3,8,4,1,4,1,1,4,13,1,7,1,5,4,5,1,3,1,2,2,1,1,1,1,1,1,3,1,3,1,2,1,8,1,8,1,2,6,8,1,8,1,2,6,20,2,17,2,5,14,1,1,1,1,1,1,10,0,"12,121",0,0,"17,391",20,"33,333","24,242","33,333","22,222","26,087",2.85,2.83,3.01,2.98,3.06,3.01,4.47,3.69,3.69,4.47,3.69,3.69,4
117,2014,FREDERICO WESTPHALEN,6405,ENGENHARIA FLORESTAL,FW CESNORS,3.06,3.26,1.85,4.12,4.39,5,2.82,3.02,2.26,3.06,43,11,3,36,9,3,8,15,2,12,2,7,9,14,2,8,2,7,5,17,2,11,2,7,8,1,1,1,1,1,1,10,2,9,2,3,8,23,2,20,2,9,14,11,1,11,1,5,8,25,3,22,3,8,19,19,2,14,2,9,9,"34,884","66,667","33,333","66,667","63,636","33,333","25,581","33,333","30,556","33,333","45,455",29.63,2.69,3.15,3.06,2.74,3.21,3.06,4.34,4.34,3.3,4.34,4.34,3.3,4
67,2012,FREDERICO WESTPHALEN,803,JORNALISMO,FW CESNORS,3.82,4.1,4.45,4.22,2.09,5,3.33,2.53,3.01,3.83,216,47,18,50,11,4,8,10,3,6,2,5,5,171,15,19,2,40,8,71,9,11,2,19,7,1,1,1,1,1,1,71,9,35,4,17,29,5,1,3,1,3,2,10,2,8,2,4,7,56,12,25,4,20,18,1,1,1,1,1,1,4.63,"16,667",12,50,"10,638","15,152",4.63,"11,111",16,50,"8,511","21,212",2.88,3,3.18,2.95,3.13,3.3,4.47,4.26,4.19,4.47,4.26,4.19,4
60,2012,PALMEIRA DAS MISSOES,1,ADMINISTRAÇÃO,PM CESNORS,3.85,4.08,4.2,4.89,3.5,5,2.28,1.73,2.06,3.86,1366,306,100,174,44,7,9,38,5,10,2,10,6,1279,98,114,6,296,45,1074,94,92,5,259,33,1,1,1,1,1,1,99,8,34,4,20,23,50,7,3,1,9,3,69,7,25,3,10,18,65,11,12,2,19,5,1,1,1,1,1,1,"2,782",5,"5,747","28,571","3,268","8,824","5,051",7,"14,368","42,857","3,268","26,471",2.53,2.63,2.8,2.7,2.95,3.54,4.95,4.31,4.31,4.36,4.31,4.31,4
96,2014,PALMEIRA DAS MISSOES,1602,CIÊNCIAS BIOLÓGICAS (LICENCIATURA),PM CESNORS,3.26,2.9,2.96,4,3.13,5,3.34,3.41,3.34,3.26,383,68,33,182,20,6,9,74,13,41,4,21,29,170,21,25,2,38,12,139,16,22,1,30,11,1,1,1,1,1,1,129,9,87,5,18,58,109,19,49,4,32,27,105,13,68,5,26,44,224,22,109,6,45,61,149,20,44,5,31,24,"19,321","39,394","22,527","66,667","30,882","35,802","27,415","39,394","37,363","83,333","38,235","54,321",2.85,3,3.13,2.89,3.13,3.44,4.78,4.23,3.99,4.78,3.95,3.95,4
29,2010,PALMEIRA DAS MISSÕES,23,ENFERMAGEM,PM CESNORS,3.66,3.79,4.07,4.85,2.79,5,2.59,3.3,2.87,3.77,496,90,33,104,21,6,9,21,1,15,1,3,12,364,25,25,1,73,7,352,27,40,3,68,15,1,1,1,1,1,1,71,9,45,6,17,31,71,7,25,1,11,11,40,2,33,2,4,19,18,3,10,1,7,6,1,1,1,1,1,1,"4,234",0,"14,423",0,"3,333",24.49,"8,065","6,061","31,731","33,333","4,444","38,776",2.47,2.47,2.59,2.93,3.09,3.48,4.67,3.85,3.66,4.67,3.85,3.66,4
76,2013,PALMEIRA DAS MISSOES,23,ENFERMAGEM,PM CESNORS,3.72,3.51,3.88,4.59,3.25,5,2.78,3.14,3.6,3.72,463,79,27,97,19,7,9,28,2,11,2,7,7,303,17,15,1,53,6,337,17,35,2,57,16,1,1,1,1,1,1,56,8,36,7,15,25,24,1,11,1,5,6,55,2,41,2,6,24,72,10,30,5,22,21,187,11,16,1,34,7,"6,048","7,407",11.34,"28,571","8,861",12.5,"11,879","7,407","42,268","28,571","7,595","42,857",2.71,2.94,3.01,3,3.25,3.27,4.68,4.68,3.91,4.68,4.68,3.91,4
78,2013,PALMEIRA DAS MISSOES,28,NUTRIÇÃO,PM CESNORS,3.4,2.62,3.82,5,4.21,5,0.37,2.13,0.91,3.4,246,51,21,53,10,5,9,38,3,21,3,4,19,211,18,28,3,44,20,243,21,50,5,51,41,1,1,1,1,1,1,11,2,10,2,3,9,20,1,7,1,1,5,74,5,39,4,10,34,1,1,1,1,1,1,236,21,52,5,50,42,"15,447","14,286","39,623",60,"7,843","45,238","30,081",23.81,"73,585",80,"19,608","80,952",2.7,2.67,2.75,3.13,3.15,3.36,4.42,3.85,3.85,4.31,3.85,3.85,4
33,2010,PALMEIRA DAS MISSÕES,51,ZOOTECNIA,PM CESNORS,3.75,3.88,3.87,5,4.17,5,1.65,1.85,1.73,3.77,66,12,3,55,11,3,9,8,1,8,1,3,6,48,3,37,3,11,20,47,2,36,2,8,20,1,1,1,1,1,1,12,2,12,2,5,4,19,1,14,1,3,10,9,1,9,1,3,7,1,1,1,1,1,1,1,1,1,1,1,1,"12,121",0,"14,545",0,25,"17,647","13,636","33,333","16,364","33,333",25,"20,588",2.83,3.27,3.58,2.95,3.42,3.58,4.06,4.06,3.75,4.06,4.06,3.75,4
80,2013,PALMEIRA DAS MISSOES,51,ZOOTECNIA,PM CESNORS,3.21,2.84,2.98,5,3.96,5,1.36,2.06,2.13,3.21,69,13,4,59,13,4,9,27,1,26,1,9,16,39,3,32,3,9,19,59,4,51,4,12,32,1,1,1,1,1,1,23,3,23,3,5,18,25,1,24,1,7,15,36,1,35,1,9,23,1,1,1,1,1,1,60,4,54,4,12,36,39.13,0,"44,068",0,"69,231",40,"52,174",25,"59,322",25,"69,231",57.5,2.96,3.28,2.86,3.06,3.28,2.86,4.25,3.94,3.21,4.25,3.94,3.21,4
82,2013,SILVEIRA MARTINS,92,TECNOLOGIA EM GESTÃO AMBIENTAL,UDSSM,2.84,2.32,2.32,5,4.03,5,1.25,1.21,2.12,2.84,111,23,15,25,8,7,12,42,7,13,3,10,3,108,15,24,7,23,4,109,15,24,7,23,4,1,1,1,1,1,1,5,2,3,2,2,2,58,10,15,4,15,4,63,11,21,5,17,4,1,1,1,1,1,1,81,11,19,5,16,4,"37,838","46,667",52,"42,857","43,478",75,"56,757","73,333",84,"71,429","73,913",100,2.63,2.74,2.83,2.81,2.85,2.76,3.98,3.82,3.82,3.75,3.75,3.75,3
